fixed acidity,volatile acidity,citric acid,residual sugar,chlorides,free sulfur dioxide,total sulfur dioxide,density,pH,sulphates,alcohol,quality
9.8,0.63,0.24,2.4,0.078,6.1,32.6,0.9997,3.08,0.57,9.4,5.1
6.1,0.34,0.25,1.8,0.084,4.0,28.0,0.9941,3.36,0.44,10.2,4.8
7.1,0.43,0.17,1.8,0.083,27.2,51.3,0.9941,3.51,0.63,10.4,5.5
8.6,0.47,0.27,1.9,0.058,17.5,37.6,0.9907,3.16,0.85,11.1,6.1
6.9,0.41,0.3,8.9,0.084,25.9,45.4,0.9861,3.35,0.64,10.2,5.6
8.0,0.82,0.29,4.3,0.082,20.8,65.7,0.9934,3.15,0.53,9.4,5.3
7.8,0.88,0.26,3.8,0.106,31.1,66.4,1.011,3.29,0.47,9.2,5.2
7.7,0.71,0.01,2.1,0.064,31.0,42.8,0.9831,3.4,0.57,11.9,5.8
7.5,0.44,0.31,2.1,0.069,12.9,72.5,0.9825,3.26,0.54,10.0,5.5
7.6,0.78,0.19,5.1,0.094,19.2,98.2,0.9985,3.18,0.52,9.6,6.0
9.8,0.39,0.43,1.6,0.067,5.1,11.1,0.9847,3.2,0.45,11.4,5.4
10.6,0.55,0.23,2.7,0.092,17.9,48.4,0.9895,3.22,0.63,10.4,6.4
10.3,0.64,0.24,2.8,0.104,28.9,52.6,1.0155,3.27,0.66,10.0,5.5
6.1,0.21,0.4,1.4,0.066,40.0,165.1,,3.24,0.58,11.8,5.9
9.7,0.32,0.53,2.5,0.096,28.0,83.8,1.0015,3.28,0.82,9.5,5.2
7.1,0.69,0.04,2.1,0.068,19.2,27.0,0.9849,3.42,0.67,10.0,5.4
6.9,0.52,0.25,2.6,0.08,10.0,37.1,0.9971,3.55,0.5,11.1,4.4
11.3,0.39,0.54,2.7,0.097,20.9,100.3,1.0024,3.11,0.51,9.6,4.8
6.9,0.63,0.02,2.1,0.067,8.9,23.1,,3.45,0.68,9.4,6.4
7.4,0.34,0.24,2.0,0.066,28.2,47.2,1.0004,3.43,0.53,10.1,4.2
7.1,0.57,0.0,1.7,0.052,3.0,7.9,0.9986,3.42,0.47,10.2,4.4
6.2,0.59,0.1,1.6,0.048,12.0,26.3,,3.56,0.51,12.1,4.6
8.7,0.27,0.39,2.0,0.098,20.2,26.9,1.0039,3.15,0.7,11.0,5.8
6.3,0.41,0.09,2.3,0.054,34.7,63.2,,3.47,0.69,10.4,5.5
8.6,0.69,0.31,3.0,0.084,23.1,80.6,0.9901,3.54,0.75,11.8,5.7
8.2,0.85,0.01,2.2,0.069,5.1,13.7,0.9958,3.27,0.58,11.0,4.4
6.0,0.5,0.0,2.1,0.064,39.3,52.8,,3.46,0.94,10.7,6.8
7.3,0.6,0.26,7.3,0.07,35.3,121.9,1.0108,3.36,0.48,9.3,4.6
9.1,0.63,0.23,3.1,0.096,13.0,37.5,1.0062,3.32,0.59,9.7,4.9
12.0,0.37,0.76,4.2,0.067,7.0,37.9,1.0008,3.2,0.6,12.8,7.3
7.4,0.49,0.19,1.9,0.077,10.1,44.3,0.9843,3.41,0.54,9.8,5.1
8.0,1.04,0.05,2.2,0.084,13.1,29.4,1.0046,3.22,0.56,9.9,6.7
11.7,0.42,0.53,3.3,0.105,32.9,97.7,0.9951,3.21,0.95,9.3,4.9
8.6,0.49,0.11,2.3,0.082,8.9,67.7,1.0093,3.15,0.53,9.4,5.1
7.6,0.48,0.69,1.7,0.423,13.8,32.0,,3.08,1.07,9.3,4.6
7.0,0.22,0.49,1.8,0.038,8.0,17.9,0.9942,3.41,0.56,12.3,5.9
7.9,0.51,0.25,2.9,0.078,21.1,44.8,1.0062,3.51,0.96,12.2,6.0
5.6,0.53,0.04,1.7,0.05,5.0,13.2,1.0013,3.74,0.58,11.4,4.8
6.2,0.58,0.01,2.1,0.057,5.1,12.8,0.9961,3.57,0.57,11.5,4.6
7.7,0.72,0.0,1.6,0.092,22.1,31.1,1.0026,3.34,0.57,9.9,5.7
6.8,0.53,0.04,3.0,0.077,6.8,26.8,0.9937,3.62,0.91,9.3,6.1
7.3,0.36,0.3,1.6,0.079,35.0,70.2,1.0031,,0.5,9.5,5.4
7.1,0.66,0.18,1.8,0.07,12.8,40.5,0.9893,3.36,0.61,9.0,4.6
7.9,0.59,0.16,1.8,0.065,3.0,16.1,0.9942,3.4,0.92,10.5,7.7
11.7,0.48,0.4,1.4,0.091,6.0,28.1,0.9975,3.12,0.66,10.0,5.8
6.4,0.57,0.14,3.9,0.07,26.5,73.0,1.0087,,0.49,9.1,5.2
10.1,0.58,0.22,1.9,0.08,9.0,32.6,1.0125,3.16,0.54,9.6,4.8
8.9,0.12,0.45,1.8,0.076,10.1,20.7,0.9855,3.4,0.76,11.8,7.6
6.9,0.36,0.25,2.4,0.096,5.0,15.9,1.0107,3.44,0.59,10.0,5.4
6.2,0.44,0.22,1.8,0.076,20.9,55.5,0.9996,3.51,0.6,9.4,5.1
7.4,0.58,0.03,2.3,0.079,7.1,27.5,0.9987,3.31,0.52,10.1,5.1
11.0,0.2,0.48,2.0,0.347,6.0,18.0,0.9998,,0.71,10.5,4.9
7.5,0.55,0.24,2.0,0.077,10.1,27.8,1.0087,3.42,0.79,9.4,6.1
9.4,0.7,0.26,2.4,0.082,23.0,144.4,,3.32,0.56,9.4,5.4
6.8,0.57,0.22,1.8,0.073,15.0,24.0,1.0027,3.4,0.8,11.3,7.8
7.8,0.53,0.26,2.0,0.088,23.1,48.4,1.0003,3.39,0.76,9.2,6.2
5.2,0.57,0.01,1.7,0.054,4.9,27.2,0.9824,3.62,0.84,12.4,6.9
5.2,0.47,0.04,1.6,0.054,19.1,104.9,1.0025,3.55,0.62,12.1,6.6
10.0,0.35,0.41,2.3,0.085,11.0,62.4,1.0107,3.23,0.5,9.6,4.7
10.8,0.31,0.49,2.5,0.067,6.0,21.2,1.0,3.27,0.86,10.7,6.0
8.2,1.01,0.09,2.3,0.065,7.0,36.9,,3.3,0.54,9.2,6.4
8.8,0.29,0.52,1.6,0.113,11.9,37.2,0.9917,3.28,0.58,9.6,4.3
7.5,0.61,0.26,1.9,0.073,24.4,86.5,0.999,3.3,0.53,9.8,5.0
6.1,0.58,0.2,2.4,0.076,15.1,50.8,1.0087,3.55,0.68,12.5,6.4
11.0,0.32,0.51,1.8,0.132,17.2,43.5,0.9913,3.25,0.77,11.6,6.9
7.9,0.42,0.17,2.0,0.073,6.0,18.3,0.9977,3.35,0.61,9.3,6.6
7.2,0.49,0.18,2.7,0.07,12.6,34.2,1.0025,3.31,0.48,9.1,6.2
9.1,0.46,0.49,2.6,0.084,20.7,75.3,0.9872,3.3,0.56,9.7,4.9
8.8,0.6,0.29,2.2,0.096,4.9,15.0,1.0028,3.38,0.48,9.0,4.8
10.0,0.44,0.47,2.2,0.09,9.9,40.9,1.0039,3.18,0.69,11.7,5.3
5.0,0.74,0.0,1.2,0.041,15.9,44.9,0.98,3.97,0.59,12.5,6.5
9.0,0.8,0.05,2.4,0.081,26.4,96.3,0.9897,3.33,0.53,10.0,5.0
6.6,0.58,0.0,2.2,0.096,2.9,13.0,0.9867,3.67,0.62,11.5,3.0
10.6,0.39,0.46,2.2,0.075,14.1,27.3,1.0028,3.06,0.83,11.4,6.4
11.1,0.44,0.42,2.2,0.065,14.2,19.1,1.0124,3.21,0.58,10.4,6.5
9.0,0.46,0.31,2.8,0.093,18.8,99.6,,3.31,0.63,9.6,6.1
6.5,0.45,0.14,2.4,0.112,9.0,37.1,0.9643,3.68,0.64,9.7,4.9
8.4,0.32,0.42,2.3,0.076,12.0,19.3,0.9815,3.13,0.72,11.8,5.2
7.5,0.76,0.0,1.9,0.085,6.0,12.0,0.9901,3.29,0.49,9.5,3.9
11.5,0.58,0.66,2.2,0.074,10.0,47.4,1.0021,3.25,0.58,9.0,3.3
6.0,0.61,0.08,2.1,0.07,16.0,23.8,0.9897,3.45,0.77,11.2,5.4
11.7,0.47,0.4,1.4,0.09,5.9,28.2,,3.06,0.64,10.2,5.7
8.7,0.54,0.26,2.5,0.098,7.0,31.2,0.995,3.27,0.6,9.3,6.7
10.2,0.42,0.57,3.4,0.07,4.0,9.9,0.999,3.06,0.64,9.6,4.8
7.2,0.71,0.02,2.5,0.076,15.9,41.1,1.0115,3.5,0.52,9.4,3.9
8.1,0.38,0.28,2.1,0.066,12.8,29.3,1.0001,3.23,0.73,9.7,6.6
8.1,0.78,0.23,2.6,0.059,5.1,15.0,0.9926,3.41,0.57,11.4,5.1
10.0,0.48,0.24,2.7,0.103,13.2,31.9,0.9989,3.24,0.56,9.9,5.8
9.6,0.32,0.57,2.8,0.082,9.0,29.7,0.9979,3.13,0.54,12.2,5.4
8.1,1.34,0.0,1.8,0.082,3.0,12.1,0.9997,3.51,0.48,10.8,4.6
8.4,0.29,0.41,1.7,0.067,8.0,20.4,1.011,3.37,0.6,10.5,4.9
6.3,0.52,0.09,3.8,0.124,14.0,30.6,0.9998,3.51,0.67,10.9,4.1
9.4,0.79,0.22,1.9,0.077,5.9,32.1,1.0003,,0.56,10.5,5.3
8.7,0.71,0.24,2.5,0.222,4.9,15.1,0.9975,3.28,0.61,8.8,6.3
6.3,0.51,0.14,1.9,0.056,14.8,34.3,1.0019,3.46,0.56,11.5,5.6
8.0,0.36,0.46,3.6,0.076,14.9,36.6,1.0086,3.36,0.84,12.9,8.7
7.5,0.64,0.1,2.4,0.079,15.9,33.2,0.9885,3.62,0.69,11.0,7.8
7.2,0.38,0.31,2.0,0.056,15.1,28.7,0.9779,3.26,0.77,11.3,9.7
11.9,0.38,0.49,2.7,0.099,12.2,42.7,1.0125,3.19,0.6,10.2,5.1
8.2,0.77,0.52,2.0,0.123,37.1,151.5,0.9975,3.23,0.68,9.2,5.1
13.0,0.32,0.66,2.6,0.092,15.1,46.4,0.9922,,0.62,10.6,5.1
7.2,0.59,0.0,1.8,0.075,15.7,34.1,0.9815,3.45,0.69,9.9,5.3
10.1,0.27,0.54,2.3,0.064,6.9,26.5,0.9909,,0.54,12.6,6.6
8.2,0.72,0.21,1.7,0.075,5.1,13.0,0.9959,3.18,0.53,9.6,5.1
5.0,1.04,0.04,1.4,0.045,41.9,85.9,1.0006,3.74,0.48,10.5,4.6
8.9,0.12,0.44,1.8,0.074,10.1,20.9,0.9854,,0.76,12.0,7.8
7.3,0.37,0.31,2.0,0.062,15.0,28.3,0.9967,,0.74,11.3,6.9
7.4,0.7,0.24,1.8,0.353,14.9,63.2,1.0069,2.99,1.58,9.4,4.9
6.0,0.33,0.32,12.8,0.054,6.0,113.5,1.0069,3.34,0.57,11.5,3.2
9.7,0.69,0.31,2.5,0.087,21.9,92.0,,3.29,0.62,10.1,5.5
9.9,0.32,0.6,2.2,0.078,2.9,14.9,0.9974,3.17,0.77,9.6,4.7
8.3,0.54,0.28,1.9,0.077,10.9,40.2,1.0058,3.36,0.61,10.1,6.9
12.6,0.41,0.54,2.8,0.104,19.2,40.8,,3.29,0.76,11.3,6.0
7.2,0.67,0.03,2.3,0.078,15.9,86.1,1.0002,3.51,0.58,9.7,5.1
6.9,1.08,0.06,2.1,0.061,12.0,31.3,0.9925,3.51,0.43,11.4,4.0
5.5,0.31,0.37,1.4,0.073,12.0,96.8,0.9982,3.34,0.57,9.2,4.9
7.1,0.35,0.32,2.5,0.09,43.8,111.5,0.9983,3.38,0.78,11.1,5.1
8.3,0.5,0.35,2.9,0.077,20.9,126.1,0.9903,3.23,0.62,9.4,5.8
9.0,0.8,0.12,2.4,0.082,8.3,28.0,1.0135,3.29,0.65,10.4,4.9
8.0,0.33,0.23,1.7,0.077,18.1,45.1,0.993,3.33,0.65,9.3,5.5
7.6,0.64,0.03,2.0,0.079,27.7,42.9,0.9996,,0.65,10.9,5.4
8.4,0.42,0.38,2.5,0.095,23.9,60.7,0.998,3.32,0.69,10.8,6.2
7.2,0.74,0.0,2.2,0.08,17.8,28.5,0.9978,3.38,0.61,9.4,4.5
7.1,0.48,0.0,2.2,0.066,7.0,14.1,0.9899,3.42,0.58,10.8,3.8
10.8,0.45,0.33,2.5,0.098,20.1,37.5,0.9976,3.25,0.71,10.7,5.6
9.0,0.68,0.11,2.8,0.092,11.1,44.3,1.0168,3.32,0.55,9.5,7.0
7.4,0.98,0.05,2.1,0.061,19.9,48.4,0.9868,3.36,0.55,9.6,3.3
5.6,0.5,0.09,2.3,0.049,17.0,98.8,1.0003,3.6,0.63,13.0,5.0
11.7,0.49,0.49,2.2,0.082,5.0,15.2,1.0125,3.18,0.43,9.1,4.8
7.3,0.55,0.03,1.6,0.072,17.0,42.0,1.002,3.35,0.48,8.9,3.2
6.9,0.68,0.0,2.5,0.106,21.7,36.8,0.991,3.5,0.57,10.5,6.2
8.1,0.78,0.0,2.2,0.089,12.9,26.2,1.012,3.39,0.47,9.6,4.0
7.9,0.57,0.31,2.0,0.08,9.9,78.7,0.9732,3.29,0.68,9.5,5.6
15.1,0.21,0.44,2.2,0.075,10.0,23.7,0.9823,3.04,0.85,9.2,7.7
10.3,0.35,0.64,2.9,0.122,10.0,40.6,1.0018,3.2,0.66,12.6,4.9
7.9,0.43,0.21,1.6,0.106,10.1,36.7,0.9951,3.15,0.9,9.5,5.0
7.2,0.37,0.32,2.0,0.062,15.0,27.8,0.9959,3.23,0.71,11.3,7.2
8.8,0.5,0.21,2.2,0.088,20.9,39.0,0.9912,3.36,0.83,11.1,5.1
10.0,0.32,0.59,2.2,0.078,3.0,14.9,0.991,3.23,0.77,9.7,4.7
8.2,0.24,0.34,5.0,0.061,7.9,22.5,1.0004,3.17,0.95,11.1,6.5
7.8,0.52,0.28,2.1,0.088,23.1,53.7,0.9961,3.39,0.74,9.3,4.1
9.4,0.41,0.37,2.3,0.092,10.0,23.0,0.9969,3.3,0.57,10.4,5.7
7.0,0.6,0.3,4.4,0.068,20.3,109.6,0.9996,3.32,1.17,10.2,4.7
7.8,0.75,0.27,3.9,0.111,34.0,90.9,0.9927,,0.45,9.4,5.3
9.0,0.29,0.33,2.0,0.063,13.1,26.7,,3.23,0.85,11.8,8.0
8.5,0.34,0.4,4.7,0.054,3.0,9.1,,3.4,0.66,11.6,7.6
8.3,0.28,0.49,2.1,0.093,6.0,12.0,0.987,3.19,0.61,12.3,7.2
6.8,0.49,0.1,2.3,0.075,12.0,29.9,,3.45,0.58,10.3,6.8
8.9,0.47,0.52,4.0,0.102,3.1,10.1,0.9999,3.21,0.6,12.0,6.7
12.3,0.46,0.5,4.5,0.071,26.4,48.6,0.9861,,0.58,9.5,3.4
7.8,0.26,0.3,1.7,0.059,19.7,37.7,0.9801,3.21,0.47,10.6,6.7
6.6,0.39,0.49,1.7,0.07,22.7,149.6,,3.11,0.5,11.4,5.4
5.9,0.29,0.25,13.4,0.067,71.8,157.8,0.9905,3.32,0.54,10.4,6.5
12.3,0.4,0.63,2.3,0.091,6.1,18.1,1.0021,3.18,0.49,9.4,4.9
7.3,0.95,0.0,2.2,0.088,16.1,32.0,0.9923,3.49,0.68,10.3,5.4
9.0,0.52,0.34,2.7,0.087,24.1,120.0,,3.24,0.62,9.3,5.7
5.1,0.39,0.49,4.3,0.046,29.6,79.1,0.9889,3.5,0.66,13.4,7.0
7.5,0.57,0.21,1.5,0.069,4.0,9.0,0.9919,3.09,0.54,9.7,5.2
6.6,0.57,0.02,2.0,0.062,36.5,52.8,,3.41,0.76,11.8,6.7
6.9,0.73,0.03,2.3,0.054,7.1,15.8,1.0004,3.4,0.63,11.7,6.3
8.7,0.6,0.18,2.9,0.09,12.0,72.4,0.9949,3.09,0.54,9.5,4.6
10.3,0.54,0.37,15.4,0.214,55.4,94.9,1.0126,3.16,0.78,9.1,5.3
11.2,0.26,0.68,2.5,0.087,10.1,25.3,0.9985,3.15,0.61,11.9,5.7
8.9,0.22,0.24,2.1,0.077,1.0,27.7,0.9839,3.4,0.87,10.3,5.1
8.0,0.89,0.03,1.8,0.057,4.0,8.0,0.9956,3.39,0.33,9.1,4.1
10.3,0.67,0.39,1.9,0.054,6.0,16.9,1.0141,3.2,0.48,10.1,4.7
7.6,0.49,0.36,6.1,0.07,16.8,102.2,0.9805,3.34,0.8,10.6,4.5
6.2,0.36,0.23,2.2,0.097,19.0,41.1,1.0039,3.52,0.57,11.7,6.3
11.0,0.31,0.49,2.7,0.095,16.0,47.0,0.9906,3.12,1.0,10.8,8.1
9.3,0.66,0.27,2.0,0.097,5.0,34.9,0.9801,3.26,0.42,9.7,4.7
13.1,0.5,0.56,2.8,0.072,7.0,24.0,0.9919,,0.69,11.0,5.4
6.7,0.16,0.65,2.1,0.059,24.0,51.6,0.9738,3.35,0.71,11.1,4.9
8.7,0.12,0.45,1.8,0.075,9.8,21.1,0.9895,3.41,0.76,12.0,6.3
8.4,0.39,0.1,1.7,0.075,6.0,24.7,0.9967,3.06,0.44,9.6,4.9
7.2,1.07,0.09,1.7,0.179,10.0,88.5,0.9998,,0.58,9.0,5.0
11.6,0.45,0.64,2.2,0.073,7.1,23.2,0.9785,3.18,0.7,11.0,6.3
8.3,0.34,0.41,2.4,0.066,24.0,48.2,1.0174,3.32,0.85,11.1,7.4
7.9,0.57,0.19,2.0,0.081,17.0,107.9,0.9998,3.31,0.53,9.5,5.3
12.6,0.38,0.65,2.6,0.087,10.0,41.2,1.0004,,0.68,9.5,6.6
9.0,0.53,0.49,1.9,0.171,5.9,25.3,1.0126,3.26,0.62,9.4,5.8
10.4,0.37,0.6,2.2,0.151,7.0,18.4,0.9983,3.03,1.05,9.4,4.6
8.0,0.73,0.24,2.8,0.083,10.0,62.4,,3.36,0.56,10.2,6.3
7.9,0.18,0.37,0.9,0.049,35.9,109.8,0.9911,2.92,0.45,12.6,5.8
7.7,0.6,0.0,2.6,0.055,6.9,13.2,0.9976,3.34,0.56,10.8,5.5
7.9,0.6,0.22,2.1,0.078,25.3,106.5,0.9879,3.29,0.49,9.9,5.7
6.9,0.9,0.06,2.0,0.059,3.9,11.0,1.0039,3.59,0.63,11.0,5.1
8.7,0.83,0.02,1.2,0.071,36.1,48.4,,,0.57,9.8,4.7
6.8,0.68,0.0,1.9,0.078,21.7,39.1,1.0063,3.47,0.75,9.8,4.5
7.5,0.61,0.2,1.7,0.077,35.9,60.5,1.0034,3.13,0.4,9.1,5.2
6.9,0.36,0.32,1.8,0.067,4.0,8.1,0.976,3.38,0.55,12.6,6.9
10.9,0.39,0.47,1.8,0.118,6.1,13.9,0.9965,3.28,0.76,9.8,5.3
10.0,0.5,0.5,14.0,0.205,47.8,80.4,0.9893,3.17,0.75,8.9,5.5
9.5,0.39,0.47,2.5,0.087,6.0,20.0,,3.16,0.5,10.4,5.4
13.0,0.46,0.49,4.3,0.085,6.0,46.8,1.0124,3.32,0.67,12.7,7.7
7.7,0.4,0.29,1.9,0.078,29.0,66.1,1.0095,3.47,0.59,9.7,6.9
7.0,0.24,0.4,1.6,0.063,21.0,66.3,0.992,3.51,0.63,11.2,4.2
10.2,0.49,0.63,2.9,0.072,9.9,25.9,0.9979,3.12,0.77,12.6,6.4
8.1,0.73,0.22,2.2,0.073,10.9,40.7,0.9878,3.33,0.55,9.0,5.3
10.0,0.69,0.11,1.4,0.085,7.9,23.9,,2.89,0.48,9.6,4.8
8.6,0.37,0.64,6.3,0.081,3.0,8.0,0.9912,3.27,0.58,11.1,5.0
9.5,0.56,0.23,3.4,0.103,37.2,93.1,1.0027,3.35,0.64,10.1,5.7
8.3,0.64,0.36,2.0,0.088,15.1,55.7,1.0083,3.32,0.57,10.3,4.5
6.8,0.59,0.1,1.7,0.064,34.1,53.2,,3.38,0.67,9.8,4.5
8.2,0.67,0.55,1.8,0.117,32.3,140.7,0.9991,3.16,0.63,9.5,5.1
8.0,0.45,0.23,2.2,0.092,15.8,29.7,0.9871,3.21,0.49,9.9,5.8
8.4,0.26,0.37,1.4,0.076,8.0,23.0,,3.3,0.7,9.7,6.9
7.7,0.54,0.13,2.5,0.096,24.1,65.8,1.0063,3.37,0.6,9.4,5.8
9.4,0.36,0.38,1.5,0.079,40.8,55.4,1.0082,3.47,0.74,10.9,5.8
6.9,0.41,0.31,2.0,0.079,21.0,51.0,,3.48,0.55,9.5,5.9
6.9,0.61,0.04,1.5,0.057,5.0,9.9,0.9978,,0.61,9.5,5.0
10.4,0.52,0.45,2.0,0.08,6.0,13.1,,3.26,0.76,11.3,6.0
9.5,0.36,0.39,1.5,0.079,41.6,55.0,1.0011,3.45,0.73,10.9,5.0
7.6,0.41,0.48,2.0,0.088,15.9,43.2,1.011,3.48,0.65,9.1,5.1
8.0,0.55,0.06,4.0,0.089,26.8,61.5,0.9904,3.43,0.67,10.8,5.5
8.9,0.41,0.32,5.6,0.087,10.1,47.7,,3.3,0.77,10.5,7.7
10.1,0.44,0.42,2.0,0.071,7.1,20.1,1.0025,3.14,0.78,11.2,7.8
9.2,0.51,0.3,1.9,0.065,8.0,16.8,1.0131,3.37,0.71,10.5,6.1
9.2,0.45,0.35,2.4,0.08,23.1,77.1,0.9873,3.38,0.61,9.6,5.1
7.0,0.59,0.02,2.3,0.082,24.3,95.4,0.9839,3.57,0.53,9.7,6.3
11.4,0.59,0.59,2.6,0.087,13.1,49.3,1.0124,3.15,0.66,10.9,5.9
6.9,0.62,0.33,6.8,0.233,66.0,116.6,0.9891,3.19,0.56,9.6,4.9
6.8,0.67,0.21,2.1,0.07,8.9,23.0,,3.37,0.59,10.3,4.4
8.0,0.72,0.01,1.9,0.075,7.0,31.9,1.0097,3.44,0.54,9.7,5.5
7.9,0.53,0.01,1.6,0.077,3.1,19.2,0.9873,3.18,0.46,9.9,5.2
8.5,0.63,0.2,1.5,0.081,27.2,119.2,1.0186,3.15,1.12,9.0,3.7
9.3,0.41,0.49,2.5,0.084,37.7,141.7,1.0024,3.22,0.54,9.4,4.9
10.5,0.34,0.63,2.8,0.084,5.1,21.6,1.0059,3.26,0.74,11.1,7.2
8.0,0.41,0.17,2.0,0.073,5.9,18.2,0.9819,3.23,0.6,9.1,5.6
7.2,0.66,0.03,1.8,0.079,7.0,11.8,0.9943,3.28,0.39,9.5,4.8
7.3,0.67,0.26,1.8,0.4,16.0,52.2,1.0,3.2,1.14,9.4,4.7
7.6,0.74,0.0,1.9,0.099,6.0,12.0,0.987,3.4,0.59,11.2,5.6
7.4,0.39,0.56,2.3,0.104,5.0,12.0,0.994,3.38,0.55,11.4,6.5
5.5,0.66,0.0,2.2,0.087,3.0,11.1,0.9937,3.71,0.62,12.9,7.7
7.8,0.69,0.22,1.9,0.084,18.1,93.1,0.9955,3.28,0.49,9.5,4.2
7.2,0.36,0.46,2.1,0.073,23.6,43.0,1.0073,3.43,0.84,11.1,7.1
6.6,0.72,0.07,1.6,0.076,6.1,15.4,0.9796,3.42,0.58,10.5,4.5
6.1,0.46,0.29,2.1,0.073,32.0,97.0,1.0049,3.31,0.62,9.9,4.2
7.2,0.4,0.3,1.7,0.08,32.9,79.6,1.0057,3.43,0.64,9.7,5.3
7.3,0.6,0.04,2.5,0.076,18.0,87.2,0.9908,3.53,0.55,9.3,4.0
7.9,0.53,0.24,2.0,0.072,14.9,104.6,0.9937,3.26,0.55,9.4,6.5
5.4,0.71,0.19,1.5,0.159,7.0,61.8,0.9754,3.61,0.61,11.2,4.6
8.1,0.61,0.33,2.7,0.088,15.8,37.4,0.9866,3.26,0.58,10.8,6.2
6.2,0.36,0.24,2.2,0.094,18.9,41.1,0.9871,3.6,0.57,11.7,5.9
7.7,0.89,0.0,2.6,0.097,25.5,67.7,1.0027,3.21,0.67,9.5,4.6
9.0,0.74,0.14,2.5,0.087,9.0,29.7,0.9829,3.33,0.64,10.5,4.4
7.7,0.55,0.21,2.2,0.07,7.0,27.5,0.9895,3.29,0.55,9.8,5.3
8.4,0.36,0.32,2.2,0.079,32.0,79.0,0.9831,3.27,0.72,11.1,5.9
6.0,0.54,0.06,1.8,0.05,37.8,90.0,0.9903,3.3,0.49,10.6,6.3
6.9,0.38,0.49,2.4,0.095,32.9,83.7,0.987,3.33,0.76,11.4,6.2
7.5,0.49,0.33,1.9,0.075,27.2,84.6,0.9737,3.42,0.58,9.0,5.0
7.1,0.59,0.01,2.3,0.078,24.1,37.2,0.9999,3.37,0.61,11.0,6.6
9.6,0.77,0.12,2.9,0.084,30.6,73.6,1.0063,3.29,0.64,10.3,5.7
6.6,0.75,0.01,2.4,0.078,17.0,31.4,0.9792,3.59,0.61,12.9,6.1
11.4,0.62,0.67,6.2,0.087,6.1,24.0,0.9888,3.06,0.96,13.0,6.1
8.9,0.78,0.24,1.7,0.078,10.0,21.3,0.9963,3.33,0.68,10.0,4.4
7.7,0.56,0.19,1.8,0.106,12.0,47.2,0.993,3.19,0.93,9.5,4.7
7.5,0.5,0.36,6.1,0.071,16.9,102.7,0.9945,3.31,0.8,10.5,4.4
7.8,0.35,0.37,2.0,0.082,23.6,57.7,1.0241,3.31,0.59,9.4,6.0
6.3,0.58,0.1,2.1,0.048,4.1,11.1,1.0033,3.43,0.75,10.7,5.9
9.9,0.55,0.17,2.9,0.088,19.7,53.0,1.0015,3.11,0.61,9.3,5.7
11.5,0.34,0.44,2.0,0.081,6.0,14.9,0.9906,2.93,0.66,9.1,5.8
8.3,0.72,0.09,2.8,0.087,17.8,48.7,0.9826,3.47,0.72,11.2,6.4
7.3,0.36,0.47,2.1,0.073,24.0,44.2,,3.42,0.84,11.1,7.1
8.3,0.5,0.24,2.0,0.079,15.9,84.9,0.9869,3.36,0.65,9.5,6.1
13.4,0.29,0.75,2.8,0.085,22.8,44.1,0.9975,3.08,0.67,11.7,6.6
7.5,0.56,0.02,2.6,0.078,11.0,34.9,0.9932,,0.62,10.9,6.5
7.1,0.42,0.19,2.3,0.07,17.8,35.8,0.9901,3.41,0.56,11.0,4.7
6.5,0.62,0.0,1.9,0.066,9.1,18.0,0.9844,3.44,0.66,9.2,5.5
8.4,0.65,0.12,2.3,0.082,15.2,115.9,,3.16,0.67,9.9,5.5
8.4,0.56,0.08,2.1,0.105,16.0,43.8,1.0056,3.12,0.53,11.2,3.7
7.9,0.57,0.23,2.1,0.077,12.0,64.6,0.98,3.27,0.52,9.0,5.7
12.6,0.4,0.49,2.5,0.081,8.1,20.2,0.9837,3.04,0.83,10.3,5.1
10.9,0.53,0.49,4.6,0.119,10.2,17.1,1.0161,3.01,0.56,11.7,6.8
7.8,0.78,0.0,2.0,0.084,9.0,22.1,0.9743,3.35,0.67,10.8,5.5
7.7,0.49,0.28,2.3,0.085,5.0,14.1,0.9804,3.29,0.61,11.5,6.6
7.0,0.83,0.0,2.5,0.068,7.1,19.7,1.0026,3.56,0.57,9.5,5.0
10.6,0.48,0.64,2.2,0.113,6.0,20.2,1.0023,3.29,0.67,11.8,6.3
7.7,0.67,0.23,2.1,0.087,17.0,93.8,1.0069,3.32,0.48,9.5,4.7
9.4,0.4,0.31,2.2,0.089,13.0,62.3,0.9954,3.11,0.63,10.6,5.9
6.8,0.64,0.23,2.1,0.08,11.1,120.0,0.9969,3.39,0.7,10.9,3.9
6.4,0.56,0.15,1.8,0.078,16.9,65.0,0.9829,3.33,0.59,10.5,5.8
6.6,0.63,0.0,4.4,0.093,50.9,77.5,1.0031,3.18,0.45,9.6,5.1
7.2,0.84,0.02,4.4,0.095,5.0,13.1,1.0036,3.39,0.57,11.0,4.1
7.6,0.63,0.08,1.9,0.075,15.0,27.2,1.0014,,0.54,9.6,6.8
8.5,0.62,0.12,1.8,0.071,37.6,46.6,0.9863,3.4,0.89,11.7,5.8
7.2,0.63,0.06,2.0,0.081,7.9,29.3,0.9896,3.58,0.73,9.7,5.2
7.6,0.27,0.34,2.3,0.05,4.0,8.0,0.9804,3.37,0.65,11.0,6.8
5.8,0.45,0.0,1.9,0.078,25.0,43.8,0.9975,3.56,0.52,11.3,4.4
6.3,0.7,0.15,5.1,0.076,13.1,27.3,0.9942,,0.61,11.8,6.1
10.6,0.52,0.38,2.6,0.067,28.9,56.2,0.9985,3.19,0.79,11.8,5.1
7.5,0.31,0.34,2.5,0.081,26.1,35.2,0.9784,3.2,0.59,12.5,6.7
9.2,0.43,0.53,2.3,0.083,13.7,23.1,1.0024,3.42,0.61,11.3,6.5
7.6,0.67,0.0,2.4,0.09,8.1,19.3,1.008,3.25,0.74,9.5,4.1
6.3,0.87,0.03,3.2,0.072,26.8,57.2,0.9869,3.62,0.49,12.8,6.0
7.1,0.38,0.3,1.8,0.073,31.0,70.5,1.0079,3.42,0.58,9.7,6.4
8.2,0.64,0.27,2.0,0.095,5.1,77.5,0.9977,3.1,0.62,9.0,6.2
7.4,0.6,0.26,1.9,0.074,23.7,87.5,0.9968,,0.52,9.8,4.3
8.2,0.28,0.4,2.4,0.051,4.0,10.0,1.0079,,0.69,12.6,7.7
9.5,0.59,0.44,2.3,0.071,21.1,68.3,1.0136,3.48,0.62,9.5,5.8
6.7,0.28,0.28,2.4,0.012,36.2,100.3,0.9906,,0.39,11.6,6.2
8.3,0.42,0.39,1.8,0.066,5.9,11.8,1.0011,3.38,0.68,11.9,7.8
7.5,0.55,0.22,2.2,0.105,12.0,73.0,0.9516,3.04,0.63,9.2,5.2
6.7,0.53,0.3,2.2,0.088,9.2,103.6,0.9939,,1.17,10.6,5.8
8.3,0.26,0.37,1.4,0.075,8.0,22.8,0.9929,3.26,0.72,9.5,6.3
8.4,0.31,0.29,3.1,0.196,13.8,25.7,0.9981,3.17,0.78,12.1,5.2
12.0,0.5,0.59,1.4,0.073,22.9,41.8,0.9974,2.97,0.67,10.6,6.9
5.6,0.62,0.03,1.5,0.08,6.0,12.9,,3.68,0.62,10.1,3.2
7.5,0.67,0.12,1.6,0.186,4.9,20.6,,3.39,0.54,9.5,4.2
7.1,0.69,0.07,1.9,0.074,16.1,50.8,0.9975,3.37,0.52,9.4,5.6
9.9,0.54,0.26,2.0,0.111,7.0,59.9,0.9866,2.94,0.97,10.3,4.1
8.9,0.56,0.34,2.9,0.094,16.0,112.7,1.0069,3.34,0.61,9.5,6.2
8.3,0.57,0.13,2.9,0.095,13.7,63.5,0.9985,3.15,0.63,9.2,6.2
7.2,0.63,0.03,2.2,0.08,16.9,87.9,1.008,3.58,0.59,9.8,6.2
10.9,0.33,0.48,3.2,0.076,20.0,76.8,0.9942,,0.69,10.2,5.2
9.8,0.26,0.54,1.9,0.083,41.8,74.1,0.989,2.98,0.64,11.8,7.1
7.1,0.44,0.42,5.6,0.069,29.2,127.7,1.0081,,0.72,10.4,4.6
10.7,0.37,0.6,4.0,0.072,17.0,65.1,0.9992,3.22,0.78,10.1,5.2
7.0,0.41,0.34,2.2,0.082,21.9,36.7,1.0041,3.4,0.75,11.2,5.8
6.2,0.63,0.09,2.5,0.081,15.0,26.5,0.99,3.59,0.63,12.1,5.2
13.1,0.34,0.51,3.2,0.095,16.9,52.1,1.0095,3.1,0.81,9.5,5.4
7.9,0.55,0.34,2.5,0.077,7.9,16.9,0.9993,3.22,0.72,13.1,6.8
7.3,0.52,0.13,2.4,0.078,34.5,60.6,1.0037,3.43,0.59,10.9,5.8
9.0,0.37,0.41,2.4,0.103,6.0,10.0,0.9835,3.08,0.58,12.0,6.4
6.3,0.44,0.39,2.5,0.078,6.0,14.2,1.0208,3.47,0.68,11.0,6.4
10.4,0.53,0.48,2.5,0.063,5.9,25.3,1.0051,3.12,0.6,9.2,6.1
5.3,0.57,0.08,1.9,0.06,20.0,31.1,0.9833,,0.64,10.2,5.3
6.7,0.46,0.24,1.7,0.079,17.7,34.1,0.9972,3.36,0.6,10.7,4.8
10.0,0.28,0.46,1.8,0.05,4.9,12.9,1.0021,3.05,0.79,10.2,5.0
7.2,0.59,0.18,2.4,0.079,15.2,60.5,0.9783,3.24,0.54,9.9,5.1
9.3,0.37,0.44,1.6,0.038,21.5,42.0,0.9941,3.23,0.8,10.8,6.4
8.0,0.64,0.22,2.4,0.094,5.0,33.2,0.9926,,0.57,11.0,5.4
12.2,0.49,0.49,2.2,0.089,5.0,14.0,0.9987,3.17,0.44,9.8,5.1
8.2,0.77,0.3,4.2,0.075,12.2,16.0,0.9928,3.45,0.68,11.5,6.0
8.7,0.69,0.0,3.2,0.084,12.9,33.3,1.0042,3.36,0.46,9.4,5.4
7.9,0.19,0.43,1.6,0.057,18.1,30.0,1.0012,3.29,0.7,11.6,5.4
7.5,0.46,0.11,2.6,0.081,12.1,50.2,0.9997,3.21,0.57,9.9,5.5
7.8,0.44,0.28,2.7,0.099,17.8,93.8,0.991,3.25,0.67,9.5,5.1
7.2,0.69,0.32,2.2,0.069,35.0,102.6,0.9907,,0.51,9.5,5.0
11.3,0.59,0.6,2.6,0.088,12.9,48.9,0.9848,3.23,0.65,10.9,5.6
12.5,0.6,0.66,2.3,0.062,6.1,24.8,0.9979,3.04,0.57,9.7,5.9
7.4,0.29,0.38,1.7,0.062,8.9,29.6,1.0019,3.43,0.53,9.7,6.0
10.2,0.65,0.36,1.8,0.053,5.0,14.1,,3.17,0.43,10.0,5.4
8.2,0.65,0.1,2.9,0.091,17.0,40.1,1.0015,3.3,0.55,9.5,5.0
8.2,0.72,0.21,1.7,0.074,5.0,13.0,0.9961,,0.52,9.6,4.7
8.6,0.48,0.3,2.8,0.067,10.1,28.3,0.9834,3.39,0.67,11.0,7.9
9.2,0.49,0.36,1.7,0.081,3.0,14.1,0.9984,3.28,0.77,11.1,6.7
11.6,0.18,0.51,4.0,0.103,3.9,22.9,0.9996,3.27,0.97,10.1,6.4
8.4,0.63,0.69,1.8,0.407,18.8,56.5,0.9935,3.04,1.15,9.3,5.5
8.5,0.45,0.31,2.2,0.079,32.0,58.3,1.0156,3.3,0.54,10.0,6.0
10.4,0.46,0.39,2.0,0.062,7.1,15.0,0.9853,3.1,0.61,9.5,4.9
8.2,0.2,0.43,2.5,0.077,31.1,51.5,0.992,3.53,0.8,10.4,5.3
8.6,0.48,0.27,2.3,0.055,14.1,28.5,1.0192,3.14,0.8,11.1,5.0
7.8,0.55,0.12,2.5,0.069,11.1,35.4,0.9809,3.36,0.61,11.5,4.5
10.0,0.42,0.49,3.4,0.109,7.0,21.1,0.9827,3.29,0.93,11.8,5.7
6.7,0.89,0.04,2.2,0.066,11.9,19.8,,3.56,0.56,9.6,5.1
9.0,0.76,0.68,1.7,0.409,18.0,63.2,1.0002,2.9,1.33,9.1,6.0
10.3,0.41,0.43,2.2,0.111,11.2,37.3,1.0168,3.2,0.67,11.0,5.4
6.0,0.42,0.19,2.0,0.074,22.2,46.5,,3.34,0.79,10.1,4.8
5.6,0.54,0.04,1.7,0.048,5.0,13.0,0.9943,3.7,0.58,11.5,5.0
6.2,0.57,0.0,1.6,0.065,8.0,18.1,0.9903,3.57,0.84,9.5,4.6
10.0,0.43,0.33,2.6,0.094,28.3,89.4,1.0101,3.19,0.68,10.2,4.6
6.2,0.79,0.0,2.1,0.06,6.0,12.8,1.029,3.62,0.61,10.0,4.0
10.1,0.27,0.56,1.4,0.046,3.0,8.1,0.9796,3.25,0.51,11.7,5.6
10.4,0.36,0.47,2.2,0.075,9.1,23.2,1.0058,3.16,0.76,11.9,5.7
7.8,0.46,0.27,1.9,0.088,23.2,53.3,1.0168,3.49,0.74,9.2,7.1
11.3,0.6,0.48,2.7,0.083,9.9,40.9,0.9947,,0.63,10.5,4.5
7.4,0.57,0.02,2.6,0.076,11.0,35.3,0.9955,,0.62,10.8,6.7
11.6,0.31,0.51,2.2,0.079,14.0,27.7,1.0067,3.09,0.93,9.9,4.8
8.4,0.53,0.0,1.4,0.07,5.9,14.1,1.0162,3.24,0.64,9.9,6.7
7.6,0.73,0.04,1.5,0.077,8.0,15.1,0.9997,3.27,0.53,9.7,4.5
6.9,0.69,0.0,5.7,0.123,20.7,57.6,0.9907,3.46,0.72,10.1,5.0
11.4,0.26,0.43,3.6,0.071,5.9,19.1,0.9946,3.13,0.81,9.2,6.5
7.6,0.41,0.08,2.7,0.084,15.2,48.0,0.9978,3.22,0.58,9.9,4.9
12.3,0.27,0.48,3.1,0.08,27.7,46.2,0.9952,,0.81,10.2,7.3
7.4,0.51,0.18,2.1,0.069,12.0,28.7,0.9757,3.57,0.72,9.5,6.8
9.4,0.3,0.56,2.8,0.08,5.9,16.9,0.9992,3.17,0.92,11.5,8.4
5.7,1.01,0.67,2.0,0.039,14.9,89.4,,3.67,0.59,11.6,5.8
7.0,0.55,0.13,1.6,0.077,25.2,42.3,1.0081,3.32,0.59,9.2,5.1
6.2,0.47,0.17,1.6,0.072,6.9,10.8,0.9856,3.62,0.54,11.4,4.8
7.3,0.64,0.07,1.8,0.099,7.8,23.2,0.9964,3.3,0.58,9.6,5.1
8.3,0.25,0.39,2.0,0.042,4.0,10.0,0.9889,3.27,0.71,12.4,6.4
10.0,0.59,0.42,2.8,0.089,34.4,73.1,0.986,3.31,0.7,9.6,5.4
7.6,0.41,0.25,1.8,0.081,4.0,11.0,1.0054,3.23,0.59,9.6,6.0
8.6,0.28,0.35,1.7,0.062,5.9,15.0,0.9894,,0.74,12.0,6.8
8.6,0.33,0.38,3.3,0.062,10.0,18.8,0.997,3.29,0.74,12.0,6.8
7.0,0.68,0.0,2.2,0.074,11.9,21.7,1.0013,3.54,0.51,9.3,5.6
6.8,0.65,0.03,2.3,0.076,13.9,30.9,0.9991,3.37,0.58,10.3,5.9
9.0,0.58,0.25,2.8,0.075,9.0,105.9,1.0002,,0.57,9.7,5.3
5.9,0.5,0.0,1.4,0.056,15.1,26.0,0.9883,,0.45,9.4,5.2
7.3,0.48,0.27,2.1,0.071,13.7,25.0,0.9937,3.34,0.63,12.1,6.2
6.6,0.5,0.0,1.8,0.062,21.0,28.1,1.0063,3.46,0.56,12.3,6.1
7.3,1.0,0.0,3.0,0.104,6.9,16.0,0.9852,,0.46,9.9,5.0
7.0,0.41,0.32,3.6,0.061,8.9,29.0,,3.25,0.49,11.2,7.0
6.6,0.58,0.02,2.4,0.069,19.2,40.3,0.9932,3.41,0.67,12.7,5.5
7.2,0.7,0.13,2.0,0.076,11.9,19.9,0.9831,3.31,0.55,10.0,4.7
6.7,0.63,0.1,2.1,0.084,17.9,101.1,1.0005,3.39,0.52,10.3,5.2
10.5,0.28,0.54,2.7,0.106,5.1,18.9,0.9913,3.28,0.62,9.5,5.9
6.4,0.62,0.0,2.2,0.095,48.7,58.8,,3.6,0.71,11.4,6.7
15.0,0.21,0.44,2.2,0.075,10.1,24.0,1.0016,3.0,0.84,9.2,8.0
7.1,0.46,0.2,1.9,0.076,28.0,54.2,0.99,3.37,0.64,10.3,5.9
6.9,0.63,0.01,2.4,0.077,13.7,39.2,0.9844,3.29,0.53,10.6,5.1
7.7,0.98,0.1,2.1,0.11,11.1,22.3,1.0016,3.29,0.5,9.5,5.0
7.9,0.33,0.41,1.5,0.055,6.1,35.2,1.0093,3.3,0.72,10.9,5.8
7.1,0.57,0.0,2.0,0.19,12.0,44.3,0.9996,3.31,0.6,9.5,6.2
12.4,0.28,0.54,2.3,0.083,12.1,29.4,,3.1,1.36,9.7,8.4
8.3,0.38,0.32,2.5,0.079,24.1,70.7,0.9991,3.27,0.86,10.7,5.6
10.6,0.43,0.35,3.3,0.092,24.6,70.4,0.9898,3.25,0.7,10.5,5.4
6.5,0.52,0.11,1.8,0.073,13.1,39.0,1.0113,3.32,0.53,9.2,4.9
7.5,0.64,0.0,2.4,0.078,18.2,29.3,1.0065,3.3,0.59,10.1,7.0
7.2,0.74,0.16,1.9,0.1,15.1,77.6,0.9815,3.26,0.64,9.2,5.7
8.1,0.5,0.17,1.6,0.081,21.0,103.4,0.9755,,0.48,9.5,5.1
8.5,0.52,0.38,1.5,0.095,5.0,18.1,0.9844,3.22,0.52,9.4,4.8
8.5,0.67,0.1,1.6,0.093,3.0,12.0,0.9946,3.32,0.65,9.5,5.5
9.9,0.34,0.55,2.1,0.062,5.1,14.0,,3.23,0.8,10.3,5.0
6.5,0.46,0.14,2.4,0.114,9.1,36.7,0.9927,3.65,0.66,9.7,4.7
8.8,0.68,0.26,1.6,0.088,15.9,22.7,0.9962,3.38,0.47,9.4,5.3
6.9,0.62,0.18,1.5,0.062,7.2,50.3,0.9843,3.06,0.6,9.4,4.8
8.5,0.44,0.49,1.9,0.371,15.0,38.3,1.0044,3.03,1.09,9.5,4.4
6.7,0.61,0.01,1.9,0.079,8.0,24.9,1.0064,3.67,0.73,10.7,4.8
6.9,0.43,0.3,2.0,0.085,5.9,38.9,0.9989,3.31,0.47,12.1,5.8
6.3,0.52,0.08,4.5,0.07,11.1,31.8,1.0072,3.55,0.64,11.6,5.7
6.7,0.68,0.0,2.1,0.074,12.0,57.0,,3.5,0.65,9.2,5.2
8.1,0.64,0.27,2.0,0.094,4.9,78.0,0.991,3.16,0.62,9.1,5.5
11.3,0.36,0.68,2.1,0.09,6.0,21.1,1.0062,3.17,0.63,9.4,6.2
12.1,0.48,0.54,2.6,0.085,19.2,64.5,0.984,3.12,0.62,10.3,5.6
7.9,0.69,0.3,2.0,0.059,38.3,63.4,1.0008,3.25,0.56,10.1,4.9
7.5,0.54,0.19,1.8,0.081,15.1,34.6,1.0065,3.47,0.68,10.5,5.1
8.2,0.81,0.0,4.1,0.096,5.1,14.1,,3.39,0.53,9.7,4.7
7.3,0.39,0.31,2.4,0.073,9.2,46.4,,3.41,0.54,9.5,6.5
9.0,0.63,0.19,4.0,0.171,51.4,149.9,1.0042,3.22,0.93,9.3,5.3
7.1,0.39,0.12,2.1,0.067,14.1,24.4,1.0025,,0.53,13.4,6.8
10.0,0.24,0.49,2.4,0.075,10.2,28.1,0.9927,3.09,0.61,10.4,5.1
7.8,0.53,0.26,1.9,0.089,23.1,145.6,0.9984,3.23,0.6,9.6,5.0
7.3,0.32,0.23,2.3,0.065,34.9,70.1,,3.43,0.63,10.1,5.5
8.5,0.37,0.32,1.8,0.067,25.7,51.0,0.9866,3.36,0.73,11.9,6.8
7.2,0.38,0.21,2.0,0.08,7.1,35.0,1.0052,3.31,0.47,9.5,4.7
7.7,0.38,0.41,2.0,0.087,9.0,20.9,1.0046,3.37,0.67,11.7,6.1
10.0,0.59,0.31,2.2,0.092,26.2,61.0,,3.22,0.63,10.2,5.4
7.5,0.6,0.22,1.8,0.083,43.1,60.6,0.9947,3.05,0.42,9.3,4.9
8.0,0.34,0.36,1.9,0.065,5.0,10.1,1.0082,3.3,0.53,11.1,6.7
9.0,0.6,0.0,1.9,0.059,5.0,10.0,0.9989,3.13,0.63,10.4,5.1
6.6,0.82,0.02,2.7,0.072,17.2,34.2,1.0036,3.68,0.89,12.5,5.7
7.0,0.84,0.21,4.1,0.073,16.1,65.0,1.0023,3.55,0.71,9.0,6.2
7.6,0.62,0.29,1.6,0.115,9.0,28.8,1.0085,3.27,1.57,9.3,4.2
7.1,0.6,0.02,2.5,0.081,17.0,88.3,0.9941,3.46,0.6,9.7,7.0
5.4,0.83,0.08,1.2,0.046,13.1,92.5,0.9927,3.51,0.85,12.9,8.5
7.1,0.48,0.28,2.8,0.069,6.1,16.1,0.9813,3.25,0.54,10.3,4.9
8.7,0.77,0.51,1.7,0.416,12.0,66.7,0.9862,2.97,1.18,9.1,4.9
6.9,0.55,0.15,2.2,0.075,18.9,40.4,1.0002,3.45,0.59,10.1,4.6
6.7,0.85,0.07,2.0,0.101,19.9,56.7,0.9961,3.57,0.75,11.8,5.9
7.1,0.38,0.38,2.8,0.067,22.8,42.1,0.9913,3.38,0.73,12.9,6.7
6.0,0.39,0.13,2.4,0.056,14.0,27.6,,3.58,0.67,12.3,5.7
8.6,0.52,0.22,2.0,0.098,7.0,27.3,0.9853,3.19,0.56,10.3,5.7
10.1,0.45,0.23,1.9,0.083,9.9,18.1,,,0.65,9.3,6.9
7.2,0.33,0.47,2.1,0.077,5.0,10.9,,3.37,0.53,10.2,5.7
11.9,0.38,0.49,2.7,0.098,12.0,41.6,1.0014,3.15,0.61,10.3,5.8
7.3,0.67,0.02,2.2,0.071,31.4,91.2,0.9901,3.37,0.68,11.2,6.2
11.0,0.39,0.47,1.8,0.117,6.0,13.8,1.0001,,0.77,9.7,5.0
9.2,0.29,0.33,2.1,0.062,13.1,26.9,0.9932,3.27,0.85,11.7,6.6
8.4,1.03,0.15,6.0,0.074,10.8,54.0,1.0092,3.31,0.49,10.0,5.2
10.4,0.42,0.47,2.7,0.065,5.0,17.9,0.9932,3.19,0.87,11.3,5.7
7.3,0.61,0.08,4.0,0.083,25.8,108.1,,3.24,0.51,9.5,4.0
8.0,0.71,0.0,2.6,0.08,10.8,33.5,0.9855,3.41,0.53,9.4,4.5
13.5,0.42,0.7,2.9,0.084,17.3,43.3,0.9971,,0.81,10.0,6.0
7.7,0.38,0.31,2.3,0.082,23.1,71.5,0.9974,3.5,0.65,9.6,5.9
9.4,0.68,0.24,2.2,0.086,5.0,27.8,,3.19,0.61,10.4,5.3
9.4,0.42,0.24,2.7,0.091,14.1,44.1,0.9949,3.15,0.72,9.8,6.6
7.5,0.43,0.31,1.6,0.081,14.9,42.0,1.0012,3.29,0.64,9.2,5.5
7.2,0.48,0.07,5.6,0.09,10.0,18.2,1.0026,3.38,0.69,11.2,8.1
9.2,0.46,0.23,2.6,0.091,18.1,76.8,1.0017,3.13,0.51,9.3,4.8
10.1,0.4,0.39,2.5,0.068,40.8,54.4,0.9864,3.33,0.86,10.6,6.5
10.3,0.43,0.4,2.7,0.091,12.8,53.0,1.001,,0.64,9.9,7.9
7.6,0.52,0.4,2.2,0.06,11.8,20.0,0.9993,3.26,0.64,11.9,6.2
9.6,0.46,0.24,2.8,0.091,13.9,44.2,0.9914,3.09,0.75,9.9,5.9
10.2,0.44,0.6,4.1,0.093,10.9,24.2,0.9963,3.27,0.97,11.8,6.8
6.8,0.62,0.21,1.9,0.081,8.0,61.7,1.0147,,0.58,9.3,5.8
7.7,0.6,0.26,2.0,0.081,30.8,130.6,1.0104,3.16,0.52,9.9,4.6
10.7,0.88,0.3,2.6,0.129,7.0,60.8,0.995,2.96,1.18,10.1,4.8
7.3,0.75,0.07,1.7,0.088,14.9,48.1,0.9952,3.16,0.49,10.0,5.4
6.7,0.41,0.44,2.8,0.077,21.9,54.3,0.985,3.43,1.14,10.7,6.4
12.5,0.38,0.59,2.6,0.082,30.4,70.2,1.0098,,0.73,10.5,4.5
9.4,0.37,0.52,2.0,0.087,12.1,51.5,0.9815,3.32,0.58,11.1,5.8
7.4,0.51,0.31,2.1,0.07,52.0,69.7,0.9993,3.36,0.82,12.9,6.9
4.9,0.42,0.0,2.1,0.048,16.1,42.2,0.973,3.64,0.74,13.8,6.0
8.0,0.73,0.17,2.7,0.097,20.0,38.0,0.9872,3.45,0.52,9.4,5.0
8.9,0.6,0.29,2.2,0.098,5.0,15.1,,3.39,0.49,9.1,4.6
15.7,0.69,0.78,3.7,0.1,6.1,43.7,1.014,2.91,0.69,11.3,7.5
7.1,0.47,0.14,2.8,0.076,14.9,37.3,0.9983,3.36,0.49,10.7,4.8
7.3,0.52,0.07,1.4,0.073,5.0,19.9,0.9994,,0.8,9.4,6.1
9.1,0.49,0.3,2.1,0.127,6.1,16.1,0.9943,3.25,0.72,11.3,6.3
8.6,0.37,0.64,6.3,0.08,3.0,8.0,0.9984,3.33,0.57,11.0,5.3
7.7,0.51,0.02,1.7,0.083,13.0,30.6,1.0034,3.37,0.54,10.4,5.4
7.0,0.75,0.01,2.2,0.058,11.2,17.7,1.0017,3.37,0.4,12.8,5.3
7.6,0.69,0.49,1.8,0.114,19.7,112.7,1.0084,,0.7,9.3,5.0
7.2,0.53,0.13,2.0,0.059,18.0,22.2,0.992,3.18,0.68,10.0,5.4
8.8,0.63,0.16,2.0,0.1,12.8,47.8,1.0087,3.16,0.57,11.1,5.0
7.6,0.95,0.43,2.2,0.115,22.1,115.2,0.9921,3.26,0.73,9.1,5.0
7.2,0.3,0.39,1.2,0.059,7.0,10.8,0.9937,3.24,0.51,11.3,7.2
10.0,0.3,0.47,2.6,0.084,13.8,33.1,0.9872,3.38,0.81,10.3,6.5
6.4,0.48,0.0,1.4,0.055,27.2,32.7,0.965,3.46,0.48,12.3,6.1
6.5,0.51,0.15,3.0,0.064,11.9,26.7,0.9938,3.3,0.6,12.7,7.1
8.1,0.44,0.36,2.3,0.075,10.0,48.3,,3.33,0.46,9.2,5.2
9.8,0.5,0.5,13.5,0.203,48.0,82.6,0.9912,3.19,0.76,8.8,4.6
11.5,0.42,0.57,2.8,0.095,25.1,100.8,,3.1,0.53,10.1,4.9
8.5,0.55,0.09,3.3,0.068,7.9,17.0,1.0116,,0.44,9.9,4.7
7.9,0.32,0.51,1.8,0.34,17.5,55.6,0.9943,3.0,1.07,9.2,6.2
6.8,0.51,0.01,2.1,0.075,9.0,24.9,1.0107,3.35,0.56,9.4,5.4
12.9,0.35,0.49,5.8,0.066,5.0,35.1,1.0146,3.22,0.65,11.9,6.2
6.7,0.78,0.0,3.0,0.102,8.0,23.0,0.9947,3.48,0.57,10.7,4.5
11.9,0.37,0.7,2.3,0.077,12.0,24.1,1.0047,3.0,0.65,12.7,6.8
6.8,0.83,0.09,1.8,0.073,3.9,24.8,,3.43,0.46,9.3,4.9
6.2,0.36,0.19,3.2,0.076,15.1,39.0,1.0082,3.57,0.52,12.8,6.7
6.3,0.67,0.01,3.7,0.103,32.1,53.7,1.0049,3.52,0.66,11.4,6.9
9.5,0.38,0.42,1.9,0.071,4.9,12.9,1.001,3.15,0.75,10.6,5.1
5.2,0.51,0.18,2.1,0.042,15.7,101.2,0.9878,3.48,0.88,12.8,7.2
7.9,0.66,0.0,1.4,0.096,6.1,13.0,0.9928,3.36,0.57,9.5,4.4
10.3,0.5,0.42,2.0,0.069,21.2,49.9,0.9992,3.12,0.73,11.4,6.4
7.3,0.3,0.39,1.2,0.059,7.0,11.2,0.9934,3.29,0.52,11.3,7.0
5.6,0.5,0.09,2.3,0.048,16.9,98.4,,,0.64,12.9,5.1
9.5,0.39,0.44,2.1,0.107,33.8,123.5,1.0,3.14,1.22,9.4,6.0
7.3,0.54,0.26,2.0,0.1,15.9,72.2,1.0007,3.13,0.57,9.5,5.2
6.7,0.54,0.13,2.0,0.076,15.1,36.0,,3.6,0.63,9.9,5.2
7.7,0.91,0.12,2.2,0.142,7.0,22.8,,3.41,0.64,10.2,7.0
6.9,0.61,0.12,10.7,0.074,39.7,83.9,0.9914,3.47,0.52,9.5,5.9
9.8,0.31,0.47,1.6,0.062,12.9,32.8,0.9979,3.27,0.66,10.1,6.0
6.0,0.72,0.1,2.6,0.053,13.1,27.3,0.9898,3.52,0.49,12.1,5.3
6.7,0.51,0.23,2.0,0.072,13.1,21.8,0.9949,3.47,0.83,11.2,7.4
7.4,0.64,0.07,2.4,0.09,11.1,36.8,1.0018,3.44,0.76,9.9,5.9
6.8,0.63,0.0,2.7,0.122,15.0,32.9,0.9985,3.44,0.64,11.3,6.5
9.4,0.58,0.14,2.0,0.084,24.7,47.7,0.9878,3.18,0.56,9.6,4.8
7.4,0.6,0.32,2.7,0.102,12.9,98.0,1.0124,,0.62,9.5,4.1
7.7,0.63,0.21,2.2,0.076,32.0,131.1,1.0113,3.3,0.45,9.8,5.7
6.7,0.59,0.06,6.0,0.06,10.9,18.1,,3.37,0.6,10.8,6.4
8.4,0.46,0.59,1.4,0.41,16.1,44.9,0.9988,,1.36,9.2,5.2
9.0,0.44,0.34,2.4,0.079,26.1,87.0,1.0082,3.35,0.61,9.7,6.1
7.2,0.58,0.54,2.1,0.115,3.0,8.9,1.0011,3.29,0.56,10.3,3.6
6.5,0.4,0.23,1.6,0.066,5.0,11.8,,3.41,0.57,9.3,4.6
8.8,0.46,0.31,2.5,0.126,24.1,63.7,0.9942,3.14,0.75,9.6,5.4
6.1,0.54,0.08,1.9,0.077,24.1,45.0,,,0.69,10.3,5.8
6.5,0.79,0.0,2.2,0.065,28.0,51.8,1.0025,,0.51,11.8,5.5
10.5,0.43,0.39,2.2,0.106,8.1,32.2,0.9943,2.92,0.5,9.6,4.5
8.5,0.59,0.18,2.1,0.078,5.0,29.7,1.002,3.18,0.47,9.8,6.0
7.3,0.53,0.14,2.1,0.064,14.5,29.1,0.9882,3.37,0.6,12.2,6.2
7.6,0.63,0.27,2.0,0.083,17.0,91.5,1.0006,3.27,0.58,9.7,6.2
6.4,0.55,0.28,2.1,0.048,13.0,48.6,0.9793,3.4,0.6,13.0,4.0
9.5,0.39,0.41,9.0,0.069,17.9,38.9,1.0044,3.32,0.81,11.0,7.5
9.3,0.38,0.48,3.8,0.134,3.0,11.0,0.9937,3.2,0.56,13.1,5.9
7.8,0.6,0.26,2.0,0.08,30.7,132.6,1.0029,3.2,0.51,9.9,5.0
8.7,0.54,0.26,2.5,0.097,6.9,31.1,,3.22,0.6,9.2,5.7
7.3,0.39,0.32,1.8,0.064,34.2,59.2,0.9922,3.51,0.78,9.9,4.9
9.5,0.37,0.52,2.0,0.083,6.0,26.1,0.9939,3.15,0.52,9.5,4.5
7.3,0.59,0.3,2.4,0.074,15.2,55.1,1.0082,3.41,0.59,10.2,5.4
7.5,0.53,0.06,1.7,0.073,9.0,38.8,,3.33,0.48,9.8,6.1
8.0,0.54,0.22,2.2,0.077,33.6,88.9,1.0065,3.3,0.46,9.5,6.5
7.2,0.45,0.15,2.0,0.078,10.0,27.8,1.0185,3.31,0.51,9.8,6.0
6.7,0.67,0.02,1.8,0.05,5.0,11.0,1.0001,3.44,0.53,9.5,4.8
8.3,0.31,0.4,2.2,0.058,6.1,10.1,0.9915,3.32,0.67,11.1,8.4
10.1,0.31,0.35,1.6,0.074,9.1,28.1,0.9929,3.21,0.83,11.0,7.6
6.2,0.39,0.08,1.7,0.066,3.0,20.2,0.9888,3.35,0.58,9.4,5.6
9.0,0.22,0.48,1.8,0.075,28.8,60.3,0.9958,3.42,0.53,9.5,6.6
6.3,0.62,0.31,1.7,0.09,15.2,64.4,0.9948,3.45,0.8,9.3,4.5
12.8,0.47,0.5,4.3,0.085,5.9,47.2,1.0091,3.27,0.68,12.8,6.0
11.3,0.42,0.52,3.0,0.08,29.1,55.9,1.0046,3.25,0.88,11.1,5.6
7.4,0.52,0.42,2.3,0.086,8.0,37.5,1.0022,3.62,0.61,10.7,7.2
9.7,0.32,0.55,2.0,0.074,3.0,8.0,,,0.73,11.7,6.5
7.8,0.65,0.0,5.6,0.086,5.0,18.0,1.0137,3.37,0.55,9.6,5.8
8.4,0.59,0.13,2.6,0.086,5.9,24.0,0.9989,3.29,0.59,9.1,4.7
8.8,0.41,0.41,6.2,0.077,24.9,41.7,1.0209,3.26,0.77,12.4,6.8
8.5,0.31,0.4,2.2,0.079,3.0,6.1,0.9991,3.33,0.67,11.8,6.5
8.1,0.7,0.23,2.0,0.099,13.9,80.6,1.0069,3.16,0.7,9.4,5.3
7.2,0.59,0.02,2.3,0.082,23.8,92.8,0.982,3.61,0.53,9.7,5.4
10.2,0.26,0.48,1.9,0.067,6.0,10.1,0.986,3.24,0.87,11.0,5.8
6.4,0.67,0.0,4.3,0.057,11.1,20.3,0.9897,3.43,0.56,11.8,4.2
7.7,0.69,0.05,2.7,0.075,14.8,27.1,0.9934,3.22,0.63,9.2,6.2
6.3,0.5,0.13,2.3,0.076,29.2,40.3,0.9928,3.39,0.75,10.9,5.6
7.6,0.48,0.31,2.8,0.07,4.0,15.0,0.99,3.23,0.56,10.2,5.5
8.7,0.42,0.45,1.9,0.051,6.0,15.9,0.9901,3.4,0.69,12.3,5.6
6.5,0.98,0.0,1.8,0.081,5.1,16.0,0.9838,3.48,0.44,11.7,4.9
6.4,0.57,0.02,1.8,0.067,4.0,10.8,0.9793,3.43,0.68,9.5,4.9
7.8,0.18,0.34,2.7,0.066,14.9,58.3,,3.34,0.78,11.9,6.2
7.9,0.56,0.19,1.8,0.104,12.0,47.3,1.0017,3.19,0.94,9.5,5.1
8.9,0.46,0.49,2.9,0.085,17.3,111.0,0.996,3.34,0.61,9.8,4.7
6.9,0.69,0.07,2.5,0.091,15.2,20.6,0.9953,,0.6,11.3,6.1
11.4,0.18,0.51,3.9,0.103,4.0,22.7,,,0.97,10.1,5.5
8.6,0.42,0.45,2.4,0.073,31.5,59.2,0.9922,3.35,0.77,12.0,6.9
8.9,0.42,0.21,2.5,0.092,33.0,86.8,,3.11,0.52,9.2,4.1
7.1,0.75,0.01,2.2,0.06,10.9,18.1,0.9979,3.41,0.4,12.8,6.0
7.7,0.41,0.14,3.0,0.088,21.0,42.9,1.0108,3.29,0.57,10.4,6.7
9.7,0.41,0.46,2.1,0.075,5.0,16.2,0.9981,3.35,0.74,12.4,4.3
11.6,0.38,0.7,2.8,0.095,16.9,34.7,1.0169,3.08,0.62,10.8,5.8
6.3,0.88,0.0,2.2,0.162,6.0,12.0,0.9941,3.52,0.51,10.9,4.2
7.1,0.49,0.1,2.6,0.068,4.0,14.0,0.9912,3.32,0.46,10.4,5.2
7.2,0.61,0.02,1.9,0.095,9.9,30.7,0.9953,,0.52,11.9,6.3
8.3,0.37,0.53,1.8,0.417,9.0,26.1,0.9986,3.05,1.07,9.1,7.0
8.1,0.39,0.38,1.5,0.058,9.9,29.3,,3.2,0.74,9.9,4.6
9.6,0.33,0.52,2.2,0.074,12.9,25.3,,,0.77,12.5,5.9
9.3,0.53,0.31,2.3,0.114,11.0,37.8,0.9855,3.23,0.56,10.8,4.4
8.1,0.26,0.34,2.5,0.074,15.9,46.8,0.9773,3.42,0.77,11.3,6.0
11.3,0.36,0.48,3.1,0.09,5.0,20.9,1.0056,3.21,0.53,10.6,5.5
10.7,0.32,0.44,1.6,0.063,16.0,37.3,1.0058,,0.78,10.1,5.0
8.6,0.36,0.33,2.2,0.082,32.8,79.1,0.9923,3.24,0.71,11.1,6.9
8.9,0.94,0.05,1.8,0.075,5.0,18.9,0.9896,,0.44,9.5,3.8
10.2,0.94,0.22,3.4,0.105,11.1,85.9,1.0185,3.41,0.64,11.2,4.0
8.8,0.45,0.43,1.4,0.075,11.9,21.2,1.0041,,0.75,10.3,6.6
6.9,0.43,0.35,1.6,0.089,13.9,36.3,0.9987,,0.56,9.3,5.2
6.9,0.56,0.0,2.8,0.081,20.9,40.8,0.9798,3.4,0.52,10.9,5.8
7.7,0.63,0.48,1.7,0.101,13.9,96.3,1.0036,3.17,0.62,9.6,5.3
10.4,0.58,0.61,2.6,0.077,10.8,23.9,0.9875,3.15,0.69,9.3,4.9
8.7,0.38,0.36,2.9,0.081,29.7,119.0,1.0017,3.19,0.56,9.4,4.8
8.8,0.63,0.38,1.7,0.265,5.0,62.5,1.0074,2.96,1.1,9.3,5.5
8.2,0.56,0.26,2.2,0.059,27.5,64.8,0.974,3.39,0.43,10.1,5.2
11.8,0.39,0.66,3.0,0.094,12.1,30.0,1.0053,3.24,0.63,11.0,7.0
8.6,0.84,0.0,2.8,0.093,16.8,43.1,1.0129,,0.59,10.4,5.1
9.0,0.36,0.52,2.1,0.111,4.9,10.0,0.9991,3.3,0.62,11.4,6.2
7.4,0.64,0.17,5.4,0.167,51.4,96.8,1.0032,3.29,0.5,9.4,3.8
7.6,0.41,0.15,3.6,0.104,29.0,93.3,1.0027,3.08,0.57,9.2,5.0
8.0,0.7,0.05,1.9,0.074,8.0,19.3,0.9808,3.33,0.96,10.5,6.0
7.0,0.43,0.3,2.0,0.085,6.1,39.0,0.9964,,0.46,11.9,4.0
6.5,0.37,0.25,1.9,0.073,20.7,49.3,1.009,3.56,0.62,10.0,5.9
8.2,0.4,0.45,2.8,0.089,10.9,42.8,1.0067,3.62,0.61,10.7,4.9
9.9,0.31,0.43,2.3,0.08,22.2,46.9,0.9968,3.31,0.67,9.6,5.6
7.2,0.45,0.2,1.6,0.049,23.8,64.2,0.9829,3.34,0.57,11.8,5.7
7.8,0.24,0.4,1.6,0.056,11.2,25.3,0.9896,3.32,0.87,8.8,5.9
10.9,0.52,0.48,4.6,0.116,10.1,17.1,1.009,3.11,0.56,11.5,6.3
15.5,0.64,0.49,4.2,0.096,10.1,22.9,,2.89,0.74,11.0,5.3
9.9,0.34,0.39,1.4,0.065,3.0,6.9,0.9915,3.17,0.55,11.5,6.8
9.3,0.56,0.18,1.6,0.078,9.8,21.4,0.9978,,0.49,9.8,4.1
7.8,0.4,0.12,1.7,0.097,18.9,27.3,0.9788,3.13,0.5,9.3,4.9
9.3,0.61,0.26,3.4,0.089,24.8,85.5,1.0134,3.28,0.62,9.8,5.1
9.1,0.27,0.42,2.0,0.09,6.0,16.3,1.0003,3.3,0.7,9.7,4.1
13.3,0.27,0.63,2.6,0.082,5.9,21.0,0.9905,3.19,0.66,9.8,5.2
10.7,0.44,0.4,2.2,0.105,8.0,32.3,1.0109,2.9,0.5,9.7,5.0
8.1,0.35,0.33,2.4,0.075,10.8,47.1,0.9912,,0.82,11.0,6.5
7.7,0.57,0.01,1.8,0.088,12.2,17.8,0.9974,3.34,0.56,10.3,7.4
7.5,0.57,0.08,2.6,0.088,14.2,26.9,0.9853,3.34,0.59,10.3,5.1
7.2,0.53,0.27,2.6,0.083,12.0,77.8,0.9973,3.4,0.71,11.3,4.1
8.9,0.3,0.42,2.0,0.068,10.0,23.8,1.0123,3.24,0.84,12.0,7.2
7.4,0.63,0.12,5.1,0.113,49.9,108.5,0.9958,3.26,0.76,9.3,4.1
5.7,0.67,0.0,2.2,0.086,3.0,10.9,0.9886,3.63,0.63,12.7,6.3
6.5,0.56,0.14,2.4,0.064,12.9,28.9,0.9781,3.47,0.63,11.4,5.9
7.0,0.77,0.18,2.4,0.242,5.6,47.4,1.017,3.4,0.6,10.2,5.7
7.5,0.67,0.23,2.3,0.111,20.2,83.1,1.0001,3.26,0.61,9.3,5.5
7.8,0.59,0.26,2.0,0.08,31.2,133.1,0.9995,3.2,0.51,10.0,4.9
8.0,0.31,0.45,2.1,0.217,5.0,16.0,0.996,3.12,0.81,12.5,6.5
10.0,0.46,0.44,2.8,0.064,4.0,8.0,0.9837,3.35,0.62,12.3,6.5
7.6,0.23,0.37,1.8,0.046,22.6,61.8,1.0083,3.42,0.71,12.0,6.3
7.3,0.65,0.03,1.8,0.079,6.9,12.2,0.9766,3.32,0.4,9.5,5.3
13.2,0.38,0.55,2.7,0.081,5.0,16.1,,3.01,0.54,9.5,4.7
6.9,0.5,0.04,1.5,0.085,18.9,49.0,1.0057,3.39,0.78,9.4,5.4
7.9,0.41,0.68,1.7,0.463,17.8,68.5,,3.08,1.3,9.2,4.0
10.8,1.02,0.42,2.9,0.076,25.8,87.8,1.006,3.07,0.57,10.1,5.7
6.8,0.77,0.02,2.3,0.063,35.0,63.3,1.013,3.59,0.78,9.9,4.1
12.0,0.44,0.66,3.1,0.107,10.0,23.1,0.9877,3.17,0.86,10.4,7.8
7.3,0.36,0.48,2.5,0.088,38.7,105.6,0.9972,3.31,0.79,11.0,4.1
7.8,0.32,0.44,2.7,0.103,8.0,17.0,,3.39,0.79,11.1,7.6
5.2,0.32,0.25,1.8,0.102,13.2,49.3,0.9938,3.36,0.55,9.2,4.4
8.2,0.56,0.23,3.5,0.078,14.2,104.3,0.9931,3.21,0.62,9.3,5.2
7.1,0.57,0.05,2.3,0.081,15.7,36.5,0.9934,3.36,0.6,10.4,6.5
7.4,0.39,0.48,2.0,0.083,14.1,68.0,1.0,3.37,0.54,9.1,4.9
10.0,0.5,0.35,2.3,0.095,9.9,44.8,0.9933,3.28,0.6,9.7,6.2
9.9,0.63,0.24,2.4,0.077,6.2,32.6,0.9845,3.1,0.58,9.4,6.2
6.5,0.65,0.21,1.8,0.082,14.0,30.7,1.0089,3.53,0.66,9.7,5.1
6.7,0.45,0.24,1.7,0.076,17.5,34.1,,3.42,0.6,10.8,6.3
7.1,0.69,0.13,2.0,0.075,12.1,19.8,1.0004,3.26,0.54,10.0,4.8
10.0,0.56,0.24,2.2,0.08,18.6,57.9,0.9884,3.14,0.55,10.1,6.7
8.1,0.37,0.44,1.9,0.099,6.0,15.1,0.994,,0.64,11.5,6.2
8.6,0.46,0.27,2.3,0.055,13.9,28.2,0.9848,3.2,0.79,11.2,4.5
8.5,0.84,0.0,1.4,0.065,23.8,32.7,0.9946,3.31,0.55,9.6,5.8
5.1,0.42,0.24,2.0,0.059,19.2,50.5,1.0096,3.77,0.75,13.9,7.7
12.6,0.59,0.46,2.3,0.082,11.1,22.1,1.0024,2.98,0.7,9.2,6.0
9.9,0.74,0.19,5.9,0.111,32.6,77.0,0.9901,3.11,0.55,9.5,5.3
7.5,0.61,0.03,1.8,0.095,24.9,99.8,1.0068,3.36,0.54,10.1,3.0
7.3,0.67,0.16,1.8,0.078,12.1,39.8,0.9949,3.48,0.7,10.0,5.3
7.9,0.25,0.43,1.7,0.068,22.0,51.5,1.0008,3.4,0.6,11.9,5.6
8.4,0.34,0.44,1.7,0.079,6.1,12.0,0.9852,3.53,0.62,10.8,4.9
10.0,0.71,0.55,1.7,0.135,24.2,52.4,1.0017,3.41,0.93,10.0,4.0
7.0,0.66,0.02,2.1,0.066,8.0,25.4,0.9836,,0.66,9.6,6.4
9.1,0.59,0.3,2.0,0.069,31.7,73.0,1.009,3.32,0.56,9.8,5.4
7.4,0.41,0.24,1.8,0.066,17.8,47.0,0.9823,3.32,0.63,10.3,4.8
8.2,0.86,0.14,2.4,0.092,13.0,54.2,1.0056,3.36,0.53,10.3,5.1
8.2,0.37,0.43,2.3,0.063,12.1,18.9,1.0002,,0.8,11.1,7.7
7.7,0.69,0.02,1.3,0.072,9.0,20.2,0.9861,3.1,1.08,9.3,4.9
7.2,0.69,0.13,2.0,0.076,12.1,19.9,0.9745,3.28,0.54,10.2,4.8
11.6,0.28,0.47,1.7,0.054,17.1,31.9,0.9829,3.16,0.67,10.4,7.0
6.9,0.56,0.03,1.7,0.084,17.7,35.2,0.9889,3.45,0.63,9.9,5.8
7.8,0.39,0.29,1.8,0.158,1.0,43.1,,3.31,0.92,9.4,6.1
7.9,0.56,0.12,2.0,0.082,6.9,28.7,0.9921,3.34,0.51,9.5,6.3
7.1,0.35,0.21,2.4,0.086,23.9,69.2,0.9951,3.41,0.53,9.8,5.2
9.7,0.29,0.41,1.5,0.072,14.0,21.1,0.991,3.17,0.51,10.8,6.0
11.5,0.45,0.5,3.0,0.078,19.1,46.4,1.0105,3.26,1.13,10.9,6.9
8.0,0.57,0.22,2.1,0.077,11.9,65.8,0.9946,3.32,0.51,9.1,4.7
9.8,0.66,0.4,3.2,0.082,21.0,58.1,1.001,3.35,0.71,11.6,6.3
6.6,0.54,0.13,2.0,0.075,15.2,35.7,1.0042,3.6,0.64,9.9,4.8
6.3,0.57,0.23,2.5,0.044,16.0,69.3,0.9763,3.45,0.67,12.5,7.1
5.4,0.75,0.09,1.7,0.089,16.2,25.8,1.0028,3.63,0.57,11.8,5.4
9.3,0.44,0.45,1.9,0.087,9.1,22.1,,3.24,0.56,9.4,5.6
8.8,0.78,0.22,2.3,0.063,9.0,42.3,0.9989,3.1,0.56,9.4,5.1
10.5,0.42,0.64,3.0,0.114,12.0,29.3,1.0098,,0.75,11.6,7.9
6.5,0.4,0.1,2.0,0.077,30.3,46.6,0.991,3.4,0.48,9.3,5.6
10.5,0.28,0.39,15.5,0.069,6.1,22.5,1.014,3.15,0.66,9.2,4.8
9.5,0.45,0.49,6.3,0.063,5.1,17.1,0.9946,3.19,0.73,11.1,6.3
9.6,0.59,0.31,2.2,0.091,25.9,62.1,1.0148,3.14,0.63,10.2,6.4
7.7,0.59,0.14,2.4,0.087,3.0,15.0,,3.39,0.6,10.8,6.5
5.8,1.12,0.09,1.5,0.173,6.9,18.8,0.9967,3.44,0.49,9.9,2.8
7.1,0.22,0.3,1.8,0.065,16.0,20.2,0.9952,3.57,0.81,10.2,6.0
7.5,0.35,0.61,2.6,0.073,23.0,44.0,,,0.79,11.0,5.6
6.4,0.88,0.03,5.6,0.079,22.9,46.4,0.9925,3.58,0.51,11.1,4.2
7.7,0.57,0.08,2.5,0.113,13.9,45.7,1.0021,3.27,0.67,9.4,5.5
10.0,0.44,0.49,2.7,0.076,10.9,18.9,1.0071,3.24,0.63,11.6,6.8
9.1,0.32,0.57,2.0,0.073,26.8,64.7,1.0108,,0.8,10.8,4.9
6.0,0.65,0.02,2.4,0.07,26.1,45.1,,3.5,0.45,11.0,4.5
9.6,0.25,0.46,1.7,0.063,26.2,42.6,1.0151,3.15,0.83,10.7,6.6
5.2,0.5,0.26,2.3,0.089,22.7,74.0,1.0085,3.68,0.61,12.3,4.9
11.9,0.4,0.52,2.0,0.092,15.1,53.7,0.9804,,0.66,10.5,5.2
10.1,0.38,0.49,2.4,0.105,6.0,12.9,1.0005,3.18,0.65,11.6,7.2
10.5,0.59,0.49,2.1,0.07,14.2,46.9,0.991,3.33,0.56,9.7,4.8
8.7,0.71,0.0,1.7,0.069,7.9,18.9,1.0021,3.31,0.52,9.9,6.4
8.6,0.61,0.14,2.4,0.067,9.9,42.0,0.9912,,0.59,9.5,4.8
7.6,0.42,0.4,2.7,0.082,6.0,11.1,0.9909,3.45,0.53,11.9,6.6
8.8,0.3,0.38,2.3,0.06,19.0,72.2,0.9835,3.35,0.73,11.9,6.9
7.2,0.36,0.45,2.1,0.075,24.1,44.2,0.9832,3.36,0.85,10.9,8.6
7.9,0.58,0.16,2.0,0.119,3.0,6.9,1.0068,3.28,0.58,11.3,5.9
11.1,0.31,0.53,2.2,0.061,3.0,10.0,0.969,3.07,0.83,10.8,6.3
9.8,1.24,0.34,2.0,0.08,32.1,150.1,0.9888,3.15,0.54,9.3,4.6
7.4,1.17,0.0,4.2,0.099,5.1,14.2,1.0041,3.65,0.54,10.8,3.4
8.8,0.48,0.54,4.0,0.101,3.0,10.0,1.0025,3.27,0.59,12.0,7.3
6.9,0.64,0.12,3.8,0.097,16.0,128.3,1.0175,3.22,0.62,9.4,5.4
7.6,0.41,0.33,2.4,0.078,6.0,22.9,0.969,3.29,0.59,11.1,5.6
10.2,0.29,0.49,2.6,0.058,5.0,12.9,1.0005,3.0,0.74,10.6,7.0
6.5,0.54,0.06,2.0,0.064,28.8,43.4,0.998,3.42,0.83,10.3,6.0
6.7,0.63,0.0,2.7,0.124,14.7,32.5,1.0014,3.39,0.64,11.2,5.7
7.7,1.61,0.0,2.1,0.138,5.0,9.0,0.9855,3.52,0.4,11.0,2.9
6.9,0.58,0.06,6.0,0.06,11.0,18.0,0.9907,3.41,0.59,10.6,8.2
6.6,0.49,0.02,2.2,0.081,35.9,111.1,0.9909,3.16,0.53,9.6,5.7
6.5,0.39,0.23,8.3,0.05,28.3,90.7,0.9923,3.45,0.55,12.2,6.3
7.7,0.54,0.26,1.9,0.089,22.8,146.6,0.9969,3.23,0.6,9.9,4.2
9.0,0.32,0.31,2.0,0.087,12.0,19.0,0.974,3.12,0.56,10.3,5.2
8.6,0.52,0.09,2.5,0.091,20.1,49.2,1.0176,3.36,0.86,10.6,6.7
9.6,0.38,0.31,2.5,0.097,16.3,48.8,0.9973,3.2,0.7,9.9,6.7
9.3,0.27,0.54,2.4,0.074,6.0,18.2,,3.2,1.13,12.0,7.5
13.2,0.46,0.51,2.2,0.07,11.9,35.5,1.0032,,0.56,9.1,6.3
8.5,0.47,0.27,1.9,0.058,17.9,38.1,0.9964,3.14,0.86,11.1,5.2
7.0,0.27,0.6,2.1,0.074,17.0,24.6,0.9995,3.41,0.72,10.6,4.2
6.8,0.52,0.09,2.1,0.062,4.0,9.0,0.9962,3.29,0.54,10.5,3.7
7.8,0.52,0.25,1.9,0.081,14.1,38.3,1.0151,3.4,0.65,9.0,6.1
6.4,0.3,0.48,1.8,0.068,18.0,61.0,1.002,,0.78,10.3,5.3
5.0,0.46,0.02,1.3,0.034,18.1,44.3,0.9786,3.95,0.62,12.8,5.8
9.5,0.27,0.53,2.4,0.073,6.0,18.2,0.9938,3.2,1.13,11.9,6.2
8.0,0.6,0.08,2.6,0.056,3.0,7.0,0.9994,3.24,0.37,12.9,5.0
6.7,0.61,0.01,1.9,0.079,8.0,25.2,1.0098,3.74,0.73,10.2,5.0
11.5,0.53,0.7,4.3,0.124,6.0,15.2,0.9844,3.04,0.83,11.5,7.4
9.9,0.35,0.42,2.3,0.085,11.2,61.6,1.021,3.22,0.5,9.5,5.2
9.6,0.32,0.47,1.4,0.056,9.0,23.9,1.0029,3.26,0.8,10.4,6.5
7.7,0.96,0.2,2.0,0.048,15.0,60.7,1.0033,3.36,0.44,10.9,4.7
10.0,0.49,0.2,11.0,0.07,12.9,49.7,0.9913,3.16,0.7,9.3,6.1
8.2,0.86,0.0,3.3,0.096,26.0,61.5,0.9966,3.57,0.72,9.8,4.3
8.5,0.39,0.4,6.2,0.049,3.1,10.0,0.9916,3.26,0.57,12.0,4.8
6.8,0.58,0.2,1.7,0.058,8.0,21.8,0.9934,3.4,0.49,11.8,4.7
5.9,0.54,0.1,2.2,0.062,38.7,49.9,0.9935,3.55,0.77,11.2,6.5
5.2,0.64,0.0,2.1,0.079,15.0,27.3,0.9891,3.8,0.61,12.6,5.2
7.2,0.6,0.26,2.0,0.079,17.1,104.6,,3.24,0.51,9.9,4.9
10.6,0.26,0.47,1.9,0.078,6.0,24.2,0.9956,3.18,1.04,10.9,6.7
5.1,1.05,0.24,1.6,0.05,32.2,96.0,0.9998,3.69,0.61,11.4,4.7
6.6,0.44,0.15,2.1,0.077,21.4,51.6,1.0,3.29,0.62,9.3,4.9
10.7,0.83,0.37,2.6,0.086,25.9,70.9,0.9864,3.11,0.52,10.1,4.7
7.8,0.5,0.31,1.9,0.077,8.0,21.8,0.9905,3.31,0.56,10.3,6.3
7.3,0.64,0.07,2.6,0.075,16.1,86.2,,3.49,0.54,9.8,5.9
11.7,0.4,0.64,2.1,0.067,7.0,27.0,0.9862,,0.68,11.5,6.2
4.9,0.38,0.01,1.6,0.048,25.5,60.0,0.9964,3.69,0.75,14.0,4.7
11.4,0.36,0.65,2.4,0.123,3.0,7.8,0.9805,3.24,0.53,12.1,5.8
10.4,0.24,0.49,1.8,0.075,5.9,19.7,0.996,3.14,1.05,11.0,5.8
9.2,0.53,0.24,2.6,0.077,28.3,139.1,0.9988,3.19,0.57,9.3,5.8
12.3,0.34,0.5,2.4,0.066,10.1,20.9,1.0158,3.11,1.18,9.2,6.8
5.9,0.31,0.47,3.6,0.067,17.7,42.2,1.0008,3.38,0.65,11.0,6.9
8.9,0.77,0.0,2.6,0.094,11.0,28.0,1.0075,3.37,0.86,9.4,5.8
10.4,0.53,0.48,2.5,0.064,6.0,25.1,,3.15,0.58,9.4,6.1
8.0,0.41,0.32,2.5,0.081,26.1,124.7,0.9925,,1.09,9.6,5.8
8.3,0.31,0.49,3.8,0.089,10.9,24.3,0.9985,3.28,0.64,12.2,7.5
8.8,0.49,0.41,3.3,0.092,25.8,51.6,0.9958,3.28,0.52,10.5,6.7
7.0,0.57,0.28,4.7,0.085,12.1,68.3,0.9909,3.31,0.7,11.0,6.3
10.7,0.35,0.52,2.6,0.07,4.9,16.0,0.9948,3.2,0.65,11.1,6.8
10.3,0.24,0.46,1.8,0.074,6.0,21.1,1.0073,,1.02,10.5,5.7
8.3,0.61,0.3,2.1,0.084,11.0,50.1,1.0069,,0.61,10.2,6.7
7.3,0.72,0.05,4.7,0.087,4.0,10.9,0.9889,3.38,0.4,10.9,5.3
7.0,0.44,0.0,1.4,0.07,32.0,37.8,1.0042,3.36,0.58,11.4,5.2
8.8,0.7,0.24,2.5,0.227,4.9,15.1,1.0024,,0.6,8.9,6.2
6.3,0.55,0.15,1.8,0.077,26.1,34.9,1.0035,3.31,0.8,11.7,5.7
6.8,0.65,0.02,2.1,0.079,8.1,14.9,0.9765,3.34,0.62,10.4,5.7
8.4,0.68,0.19,2.2,0.093,11.0,76.6,1.0069,3.21,0.59,9.1,3.7
7.7,0.63,0.05,2.3,0.078,6.1,17.8,0.9995,3.24,0.63,9.1,5.0
7.7,0.57,0.01,1.8,0.088,12.0,18.2,1.0013,3.29,0.57,10.4,7.3
7.2,0.88,0.05,5.6,0.082,3.1,14.0,0.9938,3.44,0.52,10.2,3.6
6.8,0.52,0.25,2.6,0.082,10.0,37.3,1.0086,3.47,0.51,11.1,4.9
9.8,0.5,0.49,2.6,0.251,5.1,20.0,,3.3,0.79,10.7,6.6
11.7,0.33,0.49,3.4,0.091,54.4,80.6,1.0147,3.31,0.76,10.7,6.1
12.8,0.59,0.49,2.8,0.076,5.0,19.2,1.0,3.14,0.57,11.3,5.1
8.9,0.47,0.24,2.8,0.094,35.0,106.5,0.9878,3.1,0.53,9.2,5.6
6.9,0.55,0.13,2.2,0.075,14.9,35.4,0.9843,3.41,0.59,9.7,6.6
6.7,0.28,0.28,2.4,0.012,36.0,99.7,1.0016,3.29,0.39,11.6,6.0
9.6,0.55,0.67,2.3,0.392,11.9,37.1,0.9998,3.15,0.67,9.7,4.6
10.3,0.34,0.52,2.8,0.16,14.9,75.3,1.0044,3.21,0.64,9.4,4.9
5.8,0.68,0.02,1.8,0.086,21.3,94.6,0.9947,3.59,0.53,9.9,4.8
6.9,0.62,0.08,1.9,0.069,28.4,38.2,1.0032,3.37,0.83,9.8,5.7
8.3,0.54,0.24,3.3,0.074,15.9,111.3,0.9982,,0.61,9.4,4.8
8.0,0.2,0.35,1.7,0.054,7.2,15.0,0.9946,3.31,0.8,12.2,7.1
7.3,0.52,0.18,2.1,0.07,12.1,27.5,1.008,3.5,0.73,9.6,6.4
6.1,0.32,0.25,1.8,0.086,4.9,31.8,,3.38,0.44,10.0,5.0
10.4,0.26,0.48,1.9,0.065,6.1,10.0,1.0123,3.34,0.87,10.9,5.9
9.3,0.78,0.21,2.2,0.08,12.1,47.6,1.0166,3.19,0.51,9.5,5.0
7.7,0.42,0.71,1.9,0.47,22.2,66.8,0.9875,3.17,1.29,9.4,5.1
7.6,0.55,0.02,1.7,0.085,17.3,30.6,1.0024,3.39,0.51,10.5,6.8
9.1,0.41,0.5,2.5,0.056,12.0,24.7,,3.39,0.79,13.3,6.5
8.2,0.55,0.28,1.7,0.364,16.2,55.3,1.008,3.09,1.29,9.1,5.5
7.6,0.7,0.1,2.5,0.084,9.1,25.8,0.9978,3.38,0.5,9.7,5.9
7.1,0.42,0.41,5.5,0.069,28.7,129.4,1.0108,,0.72,10.5,4.4
9.9,0.31,0.39,1.7,0.062,3.0,9.0,0.9968,3.16,0.58,11.6,8.1
7.5,0.59,0.08,4.4,0.086,5.9,29.3,0.9901,3.36,0.5,9.0,4.2
7.2,0.69,0.13,2.0,0.076,12.0,20.0,0.988,3.32,0.55,10.0,5.4
7.8,0.57,0.09,2.3,0.065,33.9,44.6,0.992,3.36,0.74,12.7,7.6
6.0,0.49,0.0,2.3,0.068,15.2,33.3,1.0,,0.58,12.6,5.2
11.2,0.35,0.49,3.3,0.07,10.1,36.1,0.9742,3.34,0.91,11.0,5.5
8.2,0.54,0.18,1.9,0.081,13.0,35.3,1.0001,3.35,0.6,8.8,6.3
12.6,0.6,0.49,4.3,0.1,5.0,14.1,1.0229,3.29,0.75,11.7,5.6
8.2,1.33,0.0,1.7,0.081,3.0,12.1,,3.58,0.48,10.9,5.0
7.7,0.58,0.21,1.5,0.069,4.0,9.0,1.0011,3.19,0.54,9.8,5.8
8.9,0.59,0.5,2.0,0.337,26.7,78.9,1.01,3.03,1.58,9.3,6.1
12.4,0.41,0.49,4.6,0.073,19.1,42.6,0.9996,3.03,0.62,9.3,4.2
6.6,0.87,0.02,2.4,0.061,14.8,23.0,1.0121,3.46,0.6,11.3,6.1
7.8,0.82,0.01,2.6,0.075,47.8,89.2,0.9883,3.34,0.61,10.6,5.4
7.8,0.53,0.01,1.6,0.075,3.0,19.2,0.9886,3.15,0.47,9.8,5.2
8.0,0.64,0.0,2.0,0.082,7.9,16.2,0.9938,,0.6,9.6,4.9
9.0,0.67,0.1,3.0,0.092,12.0,48.0,1.0065,3.31,0.54,9.6,5.4
6.2,0.39,0.16,1.4,0.08,10.9,22.9,0.9893,3.31,0.56,9.2,3.8
9.4,0.24,0.33,2.3,0.061,52.2,72.0,1.0028,3.4,0.88,10.1,5.5
12.6,0.62,0.66,5.8,0.083,7.0,42.0,1.0102,3.13,0.73,10.1,7.0
9.1,0.36,0.34,1.6,0.061,5.0,12.0,1.0058,3.17,0.68,10.6,6.1
7.5,0.53,0.06,2.6,0.086,19.9,43.8,0.9964,3.36,0.59,10.8,6.6
7.3,0.74,0.24,1.9,0.107,17.9,101.5,1.0169,3.3,0.59,9.1,5.7
11.3,0.6,0.67,5.2,0.087,5.9,19.0,0.9964,3.22,0.69,13.5,8.5
10.8,0.32,0.52,1.8,0.132,16.9,43.5,0.9704,3.24,0.78,11.5,6.2
6.7,0.63,0.0,4.3,0.094,51.8,78.0,1.0006,3.19,0.45,9.4,5.0
9.7,0.65,0.38,3.2,0.082,21.0,58.9,,3.36,0.7,11.6,6.6
10.7,0.35,0.59,2.2,0.156,6.0,18.0,1.0124,3.03,1.06,9.4,4.6
6.9,0.82,0.05,2.0,0.07,6.0,13.9,1.0017,3.46,0.66,10.7,6.4
10.7,0.5,0.47,2.4,0.073,5.0,27.4,0.9972,3.06,0.65,9.5,4.8
10.3,0.54,0.38,15.5,0.217,56.5,92.2,1.0015,3.21,0.75,8.9,5.1
8.9,0.39,0.4,2.2,0.069,11.9,27.9,1.0039,3.27,0.75,12.7,7.5
6.3,0.68,0.08,2.1,0.044,19.1,48.9,0.9841,3.51,0.48,11.2,5.1
9.9,0.54,0.45,2.3,0.07,16.0,39.5,0.9801,3.37,0.62,9.5,4.7
8.0,0.78,0.23,2.6,0.058,5.0,15.1,0.9811,3.31,0.56,11.3,5.3
8.5,0.73,0.24,6.6,0.116,30.9,133.6,,3.32,1.06,9.4,4.9
8.1,0.83,0.27,2.0,0.08,10.9,62.0,1.0063,3.33,0.48,9.8,3.9
8.7,0.41,0.64,2.2,0.094,8.9,42.8,0.9911,3.52,0.66,10.4,5.1
6.6,0.67,0.02,1.9,0.061,26.2,41.2,1.0041,3.39,0.81,10.9,6.4
9.0,0.6,0.49,2.0,0.273,22.9,111.6,0.9881,,1.0,9.4,4.3
6.5,0.91,0.0,1.6,0.052,9.0,17.0,,3.48,0.63,10.9,6.5
8.7,0.24,0.38,1.6,0.074,3.0,10.2,0.9843,3.13,0.6,9.4,5.6
6.4,0.57,0.12,2.3,0.118,24.7,36.0,0.9906,3.54,0.71,11.2,7.7
7.6,0.5,0.02,1.7,0.084,13.0,30.6,0.985,3.37,0.53,10.3,5.3
7.7,0.76,0.04,2.3,0.092,14.9,54.2,0.9978,3.21,0.63,9.9,5.2
9.7,0.6,0.5,2.3,0.078,28.1,71.4,0.9882,3.53,0.58,9.7,4.7
8.5,0.56,0.04,2.0,0.082,10.1,21.6,1.0001,3.24,0.44,9.7,5.5
7.7,0.49,0.32,1.9,0.075,26.6,85.4,1.0098,3.42,0.58,8.9,5.7
7.4,0.58,0.0,2.0,0.065,7.0,11.1,0.9794,,0.58,11.4,5.5
11.5,0.43,0.64,2.1,0.058,5.0,15.1,0.9988,3.17,0.67,10.1,6.5
9.9,0.49,0.2,11.0,0.07,12.9,50.1,1.0039,3.18,0.69,9.2,6.3
8.3,0.62,0.22,2.6,0.088,6.0,19.2,1.0111,3.3,0.61,9.3,5.2
10.4,0.61,0.49,2.1,0.202,5.1,16.0,1.0031,3.14,0.63,8.4,2.9
11.5,0.53,0.66,3.6,0.122,6.0,14.2,0.9833,3.06,0.74,11.3,6.0
11.6,0.47,0.44,1.6,0.147,35.4,51.0,1.0027,3.41,0.86,9.9,4.5
9.9,0.56,0.24,2.2,0.079,19.0,57.4,1.0101,3.2,0.56,10.1,6.3
7.6,0.62,0.04,3.9,0.086,25.4,45.4,0.993,3.28,0.54,9.4,5.4
8.8,0.44,0.49,2.8,0.083,18.0,111.9,0.9965,3.29,0.59,9.5,5.1
6.7,0.76,0.02,1.8,0.079,6.1,12.0,1.0075,3.52,0.64,9.7,2.9
6.1,0.56,0.09,1.7,0.054,24.1,31.7,1.0014,3.52,0.6,11.3,5.2
6.1,0.49,0.0,1.4,0.056,15.0,25.9,1.0082,3.31,0.45,9.5,4.9
6.7,0.86,0.02,1.9,0.064,29.1,38.2,1.0149,3.35,0.56,10.7,6.1
8.1,0.39,0.3,1.9,0.074,32.4,85.6,0.9799,3.39,0.61,9.0,5.7
7.4,0.31,0.41,2.4,0.066,33.9,59.8,0.9833,,0.85,11.5,6.0
7.3,0.49,0.27,2.1,0.071,14.1,25.1,0.993,3.38,0.63,12.1,5.4
7.6,0.77,0.41,1.9,0.091,7.9,84.8,0.9939,3.23,0.59,9.6,3.9
12.6,0.45,0.63,2.0,0.07,6.1,15.2,1.0011,3.01,0.88,10.1,5.1
15.4,0.65,0.49,4.3,0.094,10.0,23.2,1.012,2.9,0.76,11.2,5.2
8.4,0.62,0.09,2.2,0.084,11.1,109.0,1.0032,3.17,0.65,9.9,5.1
7.5,1.15,0.1,3.1,0.086,5.0,12.1,1.0047,3.54,0.6,11.4,4.1
9.0,0.84,0.34,1.4,0.05,4.0,10.0,1.0115,3.21,0.48,9.0,5.4
10.4,0.45,0.42,1.5,0.144,33.7,48.3,0.985,3.35,0.86,10.0,2.5
6.8,0.36,0.21,2.3,0.085,19.9,63.9,0.9899,3.39,0.54,10.1,6.4
7.4,0.65,0.18,7.1,0.088,26.8,95.0,0.9934,3.4,0.78,9.3,5.0
8.2,1.03,0.09,2.3,0.065,7.0,36.4,1.0032,,0.54,9.1,3.8
7.0,0.56,0.03,1.5,0.086,35.8,45.9,0.9826,3.51,0.56,10.7,4.7
7.7,0.42,0.25,3.9,0.104,28.3,89.4,1.0033,3.12,0.57,8.9,4.8
7.5,0.49,0.19,2.9,0.077,15.8,36.6,0.9855,3.35,0.51,10.4,5.2
10.8,0.89,0.34,6.7,0.111,22.5,98.2,0.9965,,0.69,9.3,5.5
10.7,0.28,0.5,1.7,0.08,10.1,23.9,1.0165,,0.89,9.3,5.5
7.7,0.58,0.23,2.3,0.076,23.0,94.6,1.0093,3.21,0.58,9.4,6.1
9.8,0.6,0.07,3.4,0.102,32.2,70.0,1.0061,3.28,0.71,9.8,5.7
8.5,0.29,0.55,1.8,0.092,34.8,103.2,0.9888,3.25,0.75,10.6,6.9
9.4,0.63,0.28,3.2,0.086,17.9,72.9,0.9982,3.25,0.53,9.6,4.8
8.2,0.9,0.2,1.4,0.085,7.0,31.4,,3.1,0.46,9.9,5.3
12.4,0.39,0.64,2.3,0.091,6.0,17.7,0.9864,,0.49,9.5,4.1
11.9,0.57,0.5,2.6,0.082,6.0,31.7,1.0043,3.1,0.79,10.8,5.6
6.5,0.5,0.01,1.5,0.06,16.8,25.6,0.9836,,0.58,9.8,6.2
8.7,0.53,0.09,2.6,0.092,20.1,49.1,0.9901,3.32,0.85,10.5,7.8
11.4,0.42,0.48,2.6,0.078,8.1,19.7,0.9922,3.1,0.53,10.9,5.1
8.1,0.28,0.4,2.4,0.053,4.0,10.0,0.9869,3.29,0.71,12.7,7.8
6.0,0.5,0.0,1.4,0.058,15.1,26.2,0.9988,3.35,0.45,9.5,4.9
6.3,0.65,0.21,1.8,0.08,13.9,30.9,1.0001,3.56,0.67,9.7,4.8
7.2,0.85,0.0,2.0,0.164,4.1,11.0,0.9953,3.41,0.51,10.1,4.5
8.8,0.25,0.54,2.5,0.084,25.1,56.2,,3.45,0.54,9.2,5.0
6.9,0.53,0.09,2.0,0.08,10.0,15.9,1.0018,,0.59,11.5,6.4
6.9,0.7,0.07,2.5,0.091,15.2,21.2,0.9822,3.38,0.6,11.4,7.0
7.0,0.69,0.0,1.9,0.114,3.0,10.0,0.9881,,0.6,9.7,5.3
9.7,0.44,0.47,2.5,0.062,9.1,28.1,0.9923,3.26,0.66,10.8,5.4
9.9,0.74,0.28,2.6,0.078,21.1,76.8,1.0029,3.22,0.51,9.7,4.7
6.4,0.36,0.21,2.2,0.046,26.1,47.7,0.9913,3.49,0.78,9.7,7.4
7.7,0.58,0.18,2.3,0.076,16.9,53.9,1.0012,3.42,0.59,10.0,4.5
6.8,0.57,0.02,2.0,0.072,17.1,26.0,0.9981,3.39,0.61,10.2,4.9
8.3,0.75,0.09,2.0,0.066,5.0,10.0,0.9934,3.29,0.56,11.6,5.4
11.3,0.36,0.66,2.4,0.123,2.9,8.0,,3.18,0.53,11.9,5.4
6.5,0.62,0.21,1.6,0.081,12.0,32.1,1.0012,3.57,0.67,9.8,6.5
8.1,0.3,0.67,8.3,0.05,37.3,276.6,1.0142,3.0,0.51,12.2,6.8
6.3,0.31,0.09,1.4,0.065,15.0,27.5,1.0062,,0.71,9.8,7.8
6.9,0.68,0.0,1.9,0.1,9.1,22.2,0.9971,3.33,0.6,9.7,5.6
6.4,0.65,0.21,1.8,0.08,14.2,31.3,0.9931,3.6,0.67,9.9,4.9
6.1,0.59,0.08,1.8,0.071,13.8,45.0,0.9743,3.36,0.54,10.7,4.6
7.4,0.59,0.26,2.1,0.083,17.2,91.6,1.0059,3.33,0.55,9.7,5.7
8.1,0.77,0.1,3.3,0.091,4.0,12.8,1.0066,3.41,0.49,9.5,4.5
9.7,0.87,0.28,2.4,0.087,29.7,145.8,0.9884,3.25,0.53,9.4,6.4
7.4,0.68,0.02,2.2,0.072,30.9,91.2,0.9942,3.26,0.67,11.0,5.5
8.6,0.46,0.46,2.6,0.065,7.0,17.8,0.9911,3.28,0.8,14.0,6.1
9.6,0.86,0.26,1.9,0.079,13.0,27.9,0.9887,3.22,0.63,9.9,4.8
10.7,0.44,0.74,6.7,0.074,37.4,74.8,1.0111,3.17,0.86,11.8,6.8
11.3,0.34,0.44,2.0,0.081,6.0,15.1,1.0038,,0.65,9.3,5.4
7.9,0.75,0.57,2.0,0.12,30.6,135.9,1.0021,3.24,0.66,9.4,5.5
8.7,0.8,0.11,2.3,0.085,11.9,30.2,0.9858,3.48,0.48,10.2,5.1
7.4,0.64,0.07,1.8,0.101,7.9,22.9,1.0048,3.28,0.59,9.7,5.1
10.0,0.66,0.37,5.1,0.11,11.0,64.1,1.0113,3.37,0.64,10.3,6.0
7.2,0.38,0.21,2.0,0.082,7.0,35.7,,3.34,0.46,9.5,4.6
9.1,0.44,0.49,2.4,0.085,22.9,115.4,0.9995,,0.63,9.7,4.4
7.7,0.64,0.0,1.9,0.072,27.4,54.7,1.001,3.31,0.64,10.9,4.6
7.2,0.64,0.0,1.9,0.097,15.0,38.5,0.9885,3.36,0.57,9.1,6.2
8.1,0.72,0.0,2.5,0.081,12.0,23.8,0.9856,3.37,0.46,9.7,4.3
7.3,0.42,0.37,2.0,0.081,13.0,44.4,0.9939,3.51,0.64,9.2,4.8
6.7,0.63,0.07,2.1,0.091,11.2,44.2,0.9951,3.5,0.55,10.4,6.4
7.1,0.62,0.1,1.4,0.071,26.9,63.4,1.018,3.22,0.61,9.1,4.9
8.2,0.34,0.37,2.5,0.081,12.0,56.9,,3.35,0.47,9.1,5.5
7.9,0.61,0.06,1.6,0.069,15.1,58.5,1.0054,3.26,0.46,9.5,5.1
7.4,0.6,0.01,2.0,0.074,13.2,37.6,0.9993,3.45,0.64,9.9,5.2
7.4,0.55,0.01,1.8,0.091,9.0,14.9,0.9865,3.38,0.59,11.0,5.7
6.0,0.65,0.05,1.9,0.066,8.9,17.0,,3.52,0.78,10.5,5.0
6.8,0.68,0.15,1.8,0.118,13.0,20.3,1.0087,3.45,0.68,11.3,5.9
8.8,0.3,0.38,2.3,0.061,18.9,71.5,0.9932,3.33,0.72,11.9,5.8
6.9,0.39,0.24,2.1,0.103,4.1,7.1,0.9924,3.41,0.58,11.4,4.0
12.3,0.5,0.5,2.2,0.09,4.9,13.7,1.0214,3.23,0.44,9.6,5.7
6.6,0.42,0.27,8.6,0.068,24.1,148.7,0.9906,3.15,0.57,11.4,5.9
10.0,0.27,0.49,4.9,0.083,9.0,17.2,,,0.52,12.5,6.5
12.7,0.61,0.66,5.8,0.083,7.0,42.3,1.0162,3.04,0.73,10.1,6.3
10.1,0.4,0.52,6.8,0.097,6.1,19.0,1.0018,,0.83,11.6,6.0
6.8,0.41,0.31,8.8,0.085,26.2,45.6,1.0021,3.36,0.64,10.0,5.8
8.2,0.88,0.0,2.2,0.084,10.3,30.9,0.9884,3.29,0.5,10.0,4.8
8.5,0.62,0.12,1.8,0.073,38.4,46.1,0.9893,3.39,0.88,11.7,5.9
15.9,0.37,0.65,7.4,0.097,22.1,71.6,1.0004,3.03,0.83,15.0,5.0
8.7,0.51,0.37,1.5,0.097,5.0,18.3,1.0022,3.21,0.51,9.5,4.5
8.1,0.29,0.49,2.2,0.097,20.9,59.1,0.9963,3.34,0.68,10.0,6.4
10.4,0.41,0.42,2.4,0.213,6.0,14.2,0.993,3.21,0.62,9.6,6.3
7.3,0.37,0.43,2.5,0.083,18.2,82.3,0.9886,3.34,0.68,9.9,6.7
7.2,0.62,0.06,1.3,0.07,5.0,12.0,1.0268,3.19,0.48,9.7,5.2
7.9,0.59,0.23,2.3,0.076,22.8,95.1,1.0011,3.23,0.58,9.7,6.4
7.1,0.45,0.34,2.7,0.081,15.8,71.4,0.996,3.54,0.59,9.5,5.0
12.2,0.45,0.49,1.4,0.075,3.0,6.0,1.0006,,0.64,10.4,4.6
12.0,0.58,0.66,2.5,0.072,6.0,36.9,1.0072,3.07,0.56,10.0,4.9
7.4,0.6,0.26,7.2,0.07,35.7,121.7,0.988,3.34,0.48,9.4,4.0
12.0,0.7,0.54,3.4,0.127,7.0,21.0,1.0017,3.15,0.84,12.3,7.5
6.9,0.56,0.17,1.7,0.066,15.0,23.8,0.9967,3.46,0.66,10.5,6.4
8.4,0.31,0.4,2.4,0.079,17.3,43.4,1.0024,3.32,0.76,12.5,7.1
8.8,0.37,0.48,2.1,0.096,38.3,143.5,0.9834,,1.04,9.3,5.9
10.6,0.4,0.36,1.9,0.08,16.9,28.8,1.0,3.15,0.65,11.3,6.1
10.7,0.44,0.69,4.1,0.113,6.0,24.0,0.9984,3.04,0.65,13.3,6.4
8.7,0.49,0.28,1.9,0.108,20.0,136.1,1.0051,2.93,1.95,10.0,5.8
8.5,0.66,0.2,2.1,0.098,23.1,113.1,0.9918,3.1,0.48,9.1,4.4
7.2,0.39,0.44,2.6,0.066,22.2,47.0,1.0143,3.28,0.85,11.5,5.9
7.7,0.59,0.13,2.1,0.104,16.8,35.3,0.9879,3.23,0.53,11.2,5.4
7.1,0.59,0.01,2.5,0.078,20.2,83.5,1.0018,,0.6,9.9,4.6
7.0,0.77,0.08,2.0,0.091,10.0,19.1,0.9877,3.39,0.47,9.9,4.2
8.0,0.57,0.23,3.2,0.073,17.1,117.2,0.9842,3.3,0.57,9.3,5.5
6.3,0.56,0.02,1.8,0.067,4.0,11.3,1.0092,3.46,0.68,9.5,4.6
9.0,0.4,0.32,5.6,0.087,10.0,47.0,0.9975,3.36,0.78,10.5,8.6
6.9,0.54,0.0,2.1,0.079,38.8,54.2,0.9911,3.39,0.83,11.6,6.3
7.9,0.34,0.42,1.9,0.085,8.1,18.7,0.9986,3.43,0.61,11.6,6.4
9.2,0.39,0.4,1.3,0.044,25.1,49.1,0.9996,3.21,0.83,11.0,6.7
7.2,0.58,0.01,2.3,0.08,26.9,42.9,0.9831,3.41,0.58,10.7,6.1
10.6,0.4,0.47,2.1,0.125,15.3,49.9,0.9927,3.08,0.8,9.6,7.1
11.2,0.37,0.41,2.3,0.087,6.0,16.0,1.0066,3.07,0.8,9.2,4.7
9.4,0.39,0.46,4.6,0.094,3.0,9.9,0.9868,3.22,0.64,12.2,7.1
12.1,0.44,0.55,2.0,0.073,25.5,48.0,0.995,3.08,0.74,10.3,5.9
7.5,0.43,0.32,2.7,0.068,7.1,25.2,0.9959,3.24,0.44,10.5,5.6
6.7,0.47,0.24,1.7,0.077,18.1,33.9,1.0056,3.37,0.6,10.8,6.2
10.0,0.73,0.43,2.3,0.058,15.0,30.9,0.9885,3.15,0.58,11.0,6.0
6.6,0.84,0.02,2.4,0.061,14.9,22.8,1.0096,3.55,0.6,10.9,6.0
8.4,0.37,0.2,2.8,0.09,17.9,57.4,1.0085,,0.7,9.7,6.7
7.1,0.75,0.12,1.8,0.115,14.8,63.6,0.9947,3.2,0.59,9.5,6.1
8.4,0.63,0.1,2.1,0.073,25.2,60.9,0.9914,3.32,0.75,11.2,5.4
9.1,0.66,0.15,3.2,0.096,8.9,59.2,0.9961,3.23,0.54,9.5,5.6
7.4,0.45,0.36,5.9,0.074,12.1,86.2,0.9904,3.31,0.84,10.6,5.3
7.8,0.57,0.1,1.8,0.101,27.8,110.7,0.997,3.12,0.5,9.8,5.7
9.2,0.63,0.21,2.7,0.096,28.8,64.5,1.0092,3.33,0.57,9.4,4.8
8.0,0.66,0.22,2.2,0.069,9.0,23.2,0.9932,3.27,1.2,10.2,4.8
6.5,0.58,0.0,2.2,0.099,49.1,63.7,0.9851,,0.68,11.2,6.1
9.4,0.5,0.34,3.6,0.08,4.9,13.9,0.9791,3.3,0.52,10.6,6.1
8.8,0.66,0.26,1.7,0.073,3.9,23.1,,3.15,0.75,9.2,4.4
6.7,0.52,0.08,2.4,0.07,13.2,26.2,0.989,,0.72,12.5,7.0
8.5,0.6,0.1,2.2,0.084,13.9,111.0,0.9994,3.13,0.67,9.8,5.2
8.3,0.69,0.12,2.6,0.092,12.0,28.0,0.9937,,0.72,10.1,5.0
7.3,0.83,0.03,2.1,0.091,10.2,19.2,,3.38,0.47,9.4,4.9
10.6,0.35,0.53,2.6,0.07,5.0,16.0,0.9998,3.11,0.65,11.0,8.9
7.2,0.59,0.01,2.3,0.08,26.5,43.5,1.0002,3.45,0.59,10.8,6.0
7.9,0.37,0.23,1.8,0.078,23.4,49.0,0.9956,3.3,0.66,9.5,4.0
7.3,0.63,0.0,1.9,0.097,14.0,38.4,0.9998,3.35,0.59,9.1,5.6
7.5,0.29,0.49,2.7,0.093,25.3,59.8,,3.32,0.61,10.0,5.1
5.2,0.34,0.0,1.8,0.05,26.9,62.6,0.9899,3.66,0.78,14.1,7.0
10.4,0.29,0.64,2.3,0.075,5.9,17.2,0.9968,3.25,0.64,11.7,6.7
7.7,0.27,0.67,3.5,0.363,4.9,10.2,0.9775,3.25,1.1,10.0,7.3
8.9,0.88,0.13,3.4,0.089,4.0,13.8,1.0195,3.44,0.52,11.7,5.0
10.0,0.49,0.58,3.5,0.093,9.0,43.1,,3.28,0.58,9.0,5.5
7.0,0.53,0.07,1.7,0.071,15.1,24.1,0.9859,3.27,0.66,10.7,6.4
8.2,0.44,0.36,2.3,0.073,10.0,48.2,0.9694,3.37,0.46,9.3,4.4
9.1,0.68,0.0,2.4,0.088,19.2,38.1,0.99,3.33,0.61,9.2,5.9
9.2,0.58,0.2,3.0,0.083,14.8,113.3,0.9945,3.18,0.59,9.4,3.6
5.6,0.92,0.0,2.1,0.041,16.7,78.3,0.9896,,0.74,11.5,5.8
7.7,0.53,0.33,2.4,0.08,23.7,143.1,0.995,3.34,0.6,9.4,5.1
9.1,0.81,0.0,2.6,0.097,11.2,25.8,1.015,3.34,0.83,9.5,5.4
8.2,0.28,0.61,3.0,0.105,10.0,21.8,0.9935,3.38,0.68,10.5,5.3
6.8,0.48,0.08,2.1,0.064,17.9,34.5,0.982,3.32,0.63,9.8,4.9
7.5,0.4,0.18,1.6,0.078,23.9,58.2,1.0018,,0.57,9.2,6.0
9.1,0.21,0.37,1.6,0.068,6.1,9.9,1.002,3.25,0.58,11.3,6.7
6.8,1.05,0.08,2.3,0.067,18.9,31.8,1.0002,3.58,0.56,11.1,3.9
9.7,0.97,0.32,2.3,0.078,34.8,150.8,1.0129,3.27,0.48,9.4,4.8
12.0,0.63,0.51,1.4,0.071,5.9,26.0,,,0.6,10.5,3.8
7.1,0.69,0.07,2.5,0.091,15.0,20.9,0.9789,3.37,0.6,11.4,7.0
9.7,0.57,0.25,2.0,0.105,12.0,89.6,0.9968,3.06,0.89,10.1,4.5
11.3,0.28,0.56,1.9,0.077,17.2,60.2,0.9843,3.14,0.57,9.8,5.3
7.6,0.49,0.26,1.9,0.063,8.9,31.0,0.9808,3.37,0.65,9.7,5.0
7.1,0.57,0.06,1.6,0.078,9.0,27.2,0.972,3.37,0.68,9.7,5.9
6.6,0.46,0.24,1.7,0.077,18.0,33.8,0.9975,3.44,0.58,10.5,5.5
7.4,0.69,0.0,2.5,0.075,3.0,13.2,,3.53,0.51,9.2,5.2
6.0,0.56,0.0,2.2,0.079,6.1,9.0,0.9891,3.59,0.56,11.5,6.5
9.2,0.59,0.24,3.3,0.1,20.3,46.9,0.9939,3.3,0.68,9.6,4.9
6.8,0.77,0.0,1.8,0.067,33.7,52.0,1.0008,3.63,0.68,9.9,5.0
6.4,0.38,0.14,2.2,0.038,14.9,25.2,0.9785,3.47,0.65,11.2,6.2
7.0,0.98,0.04,2.0,0.087,11.9,67.0,0.9845,3.35,0.6,9.2,4.0
9.1,0.3,0.34,2.0,0.063,12.1,25.0,1.0082,3.25,0.84,11.8,6.8
7.2,0.61,0.04,2.5,0.076,18.4,88.1,,3.59,0.55,9.5,4.3
7.3,0.62,0.0,1.9,0.095,14.1,38.8,,3.35,0.58,9.1,7.3
8.3,0.28,0.47,2.1,0.092,6.0,12.0,0.9923,3.22,0.61,12.4,6.9
7.6,0.65,0.04,1.6,0.038,4.0,9.0,1.0003,,0.48,9.7,4.5
11.4,0.37,0.5,1.8,0.09,19.8,48.0,1.0009,3.12,0.57,10.5,4.4
8.6,0.49,0.51,2.0,0.421,15.9,63.4,0.9884,3.01,1.16,9.0,5.5
7.9,0.52,0.25,1.9,0.081,13.9,37.6,0.9929,,0.66,8.9,6.1
8.0,0.47,0.34,2.2,0.074,16.0,24.8,0.9957,3.29,0.66,12.4,6.4
8.4,0.56,0.04,2.0,0.083,10.0,22.2,0.9929,3.25,0.44,9.6,5.0
8.3,0.6,0.29,2.6,0.11,30.5,119.5,1.0051,3.12,0.51,9.2,5.0
8.7,0.45,0.31,2.6,0.085,20.5,50.3,0.9869,3.37,0.92,9.7,5.2
8.5,0.47,0.3,3.0,0.077,30.3,134.6,0.9977,3.35,0.52,9.5,4.0
10.7,0.45,0.33,2.5,0.098,20.0,37.9,1.0082,,0.71,10.7,4.4
8.6,0.21,0.51,1.9,0.09,9.1,22.9,1.009,3.35,0.67,10.3,4.1
6.7,0.67,0.07,2.4,0.089,17.2,81.9,0.9919,3.31,0.53,9.9,4.9
13.2,0.46,0.52,2.2,0.071,12.1,35.0,1.0179,3.08,0.56,9.1,6.2
11.8,0.41,0.54,1.5,0.096,22.0,40.5,1.0148,3.06,0.76,9.8,6.9
7.0,0.16,0.45,2.5,0.069,16.7,31.3,0.9925,3.33,0.54,12.3,6.1
11.0,0.68,0.54,2.3,0.084,6.1,12.9,1.0255,3.13,0.71,9.7,5.7
7.4,0.68,0.07,2.5,0.057,5.0,9.0,0.988,3.42,0.55,10.8,4.2
9.5,0.69,0.11,2.8,0.078,6.1,31.0,0.9968,3.15,0.71,10.3,6.4
7.1,0.72,0.0,1.9,0.081,14.1,35.2,0.9835,3.4,0.55,9.4,4.7
7.0,0.65,0.02,2.1,0.066,8.0,24.5,1.0036,3.45,0.67,9.6,5.9
9.0,0.76,0.04,1.6,0.078,4.0,13.9,0.9956,,0.55,9.5,3.9
8.0,0.3,0.63,1.6,0.082,16.1,29.4,1.0058,3.31,0.78,10.7,5.4
7.4,0.52,0.12,1.9,0.163,4.0,12.1,0.9966,3.16,0.85,9.3,4.4
7.2,0.53,0.07,1.4,0.073,4.9,20.1,0.9837,3.32,0.81,9.7,6.0
8.8,0.54,0.04,2.2,0.117,13.8,55.5,1.0063,3.22,0.6,11.0,6.1
8.0,0.63,0.35,2.8,0.086,28.3,51.2,,3.26,0.63,10.6,5.1
9.2,0.73,0.23,2.1,0.069,5.1,20.2,1.0007,3.13,0.59,10.0,4.4
5.2,0.34,0.0,1.8,0.051,26.9,62.7,1.0054,3.63,0.8,14.0,6.3
6.6,0.84,0.03,2.3,0.059,31.5,48.1,1.0069,3.49,0.56,12.3,7.8
12.1,0.57,0.58,1.9,0.07,5.0,17.9,,3.12,0.63,10.0,5.7
8.9,0.41,0.64,2.2,0.093,8.9,42.2,0.9852,3.46,0.66,10.7,4.7
7.8,0.64,0.03,1.9,0.086,13.8,57.7,0.9983,3.4,0.46,10.3,4.6
7.6,0.26,0.26,2.0,0.052,18.9,76.2,0.9889,3.16,0.8,10.9,5.5
9.5,0.42,0.35,2.1,0.083,16.6,37.4,1.0051,3.23,0.66,11.2,7.5
7.2,0.89,0.1,1.8,0.074,20.2,55.9,1.0019,3.4,0.57,9.3,4.3
8.6,0.4,0.41,2.0,0.057,15.0,40.3,0.9833,3.22,0.58,12.3,6.0
8.2,0.26,0.42,2.0,0.081,11.1,26.9,1.0059,3.23,0.81,9.4,6.3
11.4,0.18,0.5,4.0,0.105,4.0,23.1,0.9877,3.24,0.97,10.1,4.9
6.5,0.34,0.27,2.8,0.067,8.1,44.9,0.9829,3.2,0.57,12.1,6.5
6.5,0.84,0.03,2.3,0.059,31.5,47.9,1.0001,3.5,0.56,12.5,6.5
9.9,0.25,0.49,2.7,0.089,15.2,32.8,1.0188,3.38,0.9,10.0,6.2
8.6,0.48,0.28,1.9,0.109,20.2,134.9,1.0072,2.94,1.97,9.9,5.4
7.5,0.65,0.0,1.8,0.075,12.9,39.4,1.0001,3.47,0.56,9.3,5.8
6.1,0.39,0.15,1.8,0.072,5.9,19.0,1.0053,3.36,0.57,9.5,5.2
8.7,0.64,0.17,2.9,0.084,24.6,129.9,1.0118,3.26,0.54,9.6,5.4
9.2,0.28,0.48,1.8,0.067,25.9,45.9,0.9902,3.35,1.03,10.6,6.5
9.2,0.36,0.4,1.5,0.081,41.0,55.6,0.9928,3.47,0.73,10.9,5.8
9.6,0.54,0.42,2.4,0.081,24.9,51.8,0.9888,3.18,0.72,11.5,5.7
7.2,0.68,0.34,2.0,0.087,9.1,92.9,0.9992,3.28,0.61,9.7,6.0
7.6,0.67,0.1,1.5,0.065,27.1,55.4,0.9957,,0.51,9.4,4.6
7.6,0.43,0.29,2.1,0.075,19.0,66.5,,3.42,0.64,9.7,4.7
8.3,0.32,0.41,2.3,0.097,3.0,9.1,1.0079,3.29,0.55,12.1,7.1
12.6,0.3,0.73,2.6,0.094,9.1,27.7,0.9868,3.23,0.77,10.7,5.7
6.7,0.32,0.44,2.4,0.06,23.8,33.7,0.9977,3.24,0.78,11.6,5.8
7.5,0.64,0.03,1.9,0.085,13.8,57.1,0.996,3.4,0.45,10.3,4.3
9.0,0.82,0.14,2.6,0.091,8.9,23.0,0.9936,3.43,0.64,9.9,5.4
7.5,0.43,0.3,2.2,0.062,6.1,11.9,1.0074,3.37,0.72,11.3,5.8
7.4,0.62,0.06,2.7,0.077,15.0,86.6,0.9965,3.5,0.53,9.6,5.6
6.9,0.63,0.02,1.9,0.079,18.4,29.5,1.014,3.43,0.75,9.8,5.0
6.1,0.47,0.09,1.7,0.079,17.9,30.1,1.0,,0.54,11.1,4.0
8.2,0.28,0.6,3.0,0.104,10.1,21.7,1.0176,3.36,0.67,10.7,5.0
11.4,0.31,0.54,2.1,0.084,5.0,15.2,,2.96,0.7,9.2,6.3
9.4,0.6,0.5,2.3,0.079,28.4,70.3,1.0148,3.53,0.58,9.7,5.0
8.8,0.27,0.45,2.1,0.094,19.8,28.7,0.9922,3.3,0.57,11.2,6.4
8.3,0.74,0.11,1.9,0.089,16.4,61.8,0.9856,,0.83,9.3,4.7
7.7,0.41,0.77,1.8,0.61,8.2,45.0,0.9883,3.08,1.25,9.5,4.9
8.2,0.33,0.39,2.5,0.075,29.0,47.9,0.9803,3.31,0.88,12.4,7.0
8.8,0.31,0.57,2.0,0.113,25.7,85.3,1.0038,,0.53,10.0,5.7
10.2,0.23,0.37,2.2,0.057,14.2,36.4,1.0143,3.24,0.49,9.3,3.8
7.1,0.48,0.24,2.2,0.07,5.0,36.2,0.9959,3.39,0.49,9.5,5.2
10.2,0.29,0.4,2.9,0.1,10.0,26.2,0.9956,3.54,0.91,9.7,5.4
8.0,0.29,0.36,2.2,0.048,34.9,53.5,1.0127,3.28,1.01,12.5,6.3
6.1,0.7,0.1,2.8,0.082,13.0,28.3,,3.66,0.66,10.1,4.7
11.9,0.37,0.56,2.1,0.07,5.0,19.1,1.0189,3.14,0.61,10.7,6.7
9.3,0.53,1.0,3.4,0.615,32.0,69.7,0.9837,2.72,2.05,9.3,4.4
9.6,0.66,0.34,2.6,0.094,12.1,87.3,0.9887,3.27,0.66,10.2,4.8
8.3,0.67,0.15,1.9,0.08,16.9,42.1,0.9893,,0.53,9.5,6.5
7.6,0.62,0.17,2.4,0.083,6.0,20.1,0.9997,3.31,0.61,10.3,5.5
7.4,0.78,0.19,5.0,0.093,18.8,97.0,1.0076,3.17,0.52,9.6,5.2
10.5,0.36,0.56,2.3,0.088,6.0,20.1,0.9919,3.16,0.71,10.9,7.9
10.1,0.37,0.35,2.4,0.086,5.1,16.8,1.0062,,0.65,10.6,5.7
10.9,0.4,0.41,2.2,0.084,7.1,16.7,0.9986,3.06,0.67,9.3,6.5
10.4,0.38,0.46,2.1,0.104,6.1,9.9,1.0095,3.11,0.65,11.8,6.9
7.7,0.35,0.21,1.9,0.074,46.4,102.7,,3.25,0.57,9.4,4.4
7.5,0.6,0.01,2.0,0.074,13.2,38.0,1.0035,3.5,0.65,9.8,5.2
7.1,0.35,0.26,1.8,0.083,32.7,74.8,0.9674,3.35,0.58,9.6,6.8
6.7,0.67,0.07,1.6,0.07,15.9,61.3,0.9925,3.27,0.6,9.3,5.9
10.5,0.24,0.47,2.1,0.066,6.0,24.1,1.0136,3.12,0.9,10.8,7.6
8.5,0.52,0.22,2.7,0.082,4.0,18.0,0.9997,3.25,0.56,10.0,5.9
7.0,0.6,0.12,2.2,0.083,13.1,28.2,0.968,3.52,0.62,10.3,6.8
8.2,0.58,0.0,2.5,0.092,18.8,57.8,,,0.65,9.3,6.2
8.3,0.78,0.1,2.6,0.081,45.3,87.3,1.0044,3.4,0.52,9.9,4.8
7.1,0.69,0.08,2.1,0.062,41.8,52.4,1.0013,3.5,0.6,10.2,6.7
8.2,0.44,0.24,2.3,0.063,10.0,27.4,1.0051,3.3,0.53,10.2,4.8
7.9,0.56,0.0,1.7,0.071,7.1,16.9,0.9999,3.3,0.64,9.4,5.9
6.9,0.65,0.02,2.1,0.067,8.0,25.1,,3.46,0.67,9.5,6.1
7.4,0.62,0.26,2.0,0.083,17.0,90.9,0.9954,3.23,0.58,9.9,6.8
6.8,0.59,0.1,1.7,0.062,34.1,53.0,0.9885,3.45,0.67,9.7,4.5
10.8,0.24,0.47,2.1,0.066,6.0,24.1,0.993,3.12,0.9,11.1,7.0
9.3,0.77,0.18,2.2,0.149,10.1,104.0,1.003,2.9,1.37,10.1,6.1
7.3,0.45,0.36,5.8,0.074,12.0,87.2,0.9992,,0.82,10.6,5.2
6.8,0.56,0.22,1.8,0.074,15.1,23.8,0.9893,3.42,0.82,11.1,5.7
7.0,0.5,0.25,2.0,0.07,3.1,22.0,0.9993,3.19,0.63,9.3,4.5
7.8,0.64,0.1,6.1,0.117,5.1,11.1,,3.42,0.68,10.2,7.2
9.3,0.41,0.48,4.6,0.072,10.0,20.1,1.0099,3.31,0.79,12.2,7.6
8.2,0.38,0.48,1.8,0.157,5.0,16.9,1.0008,,1.06,9.3,5.3
6.8,0.61,0.18,1.9,0.079,18.1,85.5,1.003,,0.56,9.4,5.7
10.2,0.35,0.46,2.0,0.062,6.1,10.9,,,0.52,12.0,6.7
6.5,0.73,0.02,7.9,0.121,68.3,123.6,1.0008,3.48,0.53,9.8,5.2
6.6,0.9,0.04,2.3,0.067,7.0,13.0,1.0033,3.55,0.58,10.8,6.3
6.8,0.5,0.11,1.5,0.074,15.8,49.1,0.9722,3.39,0.78,9.6,4.9
9.0,0.52,0.32,1.3,0.07,9.0,29.8,,3.23,0.6,9.4,5.5
8.2,0.43,0.3,3.4,0.078,6.9,33.4,0.9973,3.31,0.61,10.5,5.1
6.2,0.56,0.09,1.7,0.052,24.1,31.5,0.983,3.54,0.6,11.5,5.0
6.3,0.96,0.01,2.0,0.058,14.8,32.8,0.9987,3.64,0.46,11.2,6.1
7.4,0.52,0.16,1.9,0.086,12.0,34.9,1.0163,3.39,0.62,9.5,6.9
9.1,0.22,0.23,2.1,0.077,1.0,27.8,1.0046,3.46,0.88,10.5,5.8
8.1,0.52,0.25,2.0,0.078,18.8,58.8,1.0042,,0.48,10.2,5.0
12.0,0.39,0.69,2.8,0.095,17.0,35.3,0.9971,3.08,0.61,10.7,5.8
7.7,0.59,0.06,2.0,0.079,19.0,40.9,1.0121,3.38,0.62,10.2,4.9
10.4,0.52,0.64,2.4,0.107,6.1,15.1,0.9976,3.11,0.66,11.8,6.7
10.2,0.32,0.45,6.4,0.073,4.9,13.3,1.002,3.26,0.81,12.7,9.4
8.9,0.57,0.25,2.0,0.105,8.1,21.3,0.9914,3.27,0.71,9.5,5.1
7.8,0.53,0.04,1.7,0.076,16.9,31.0,0.9648,3.31,0.55,10.1,5.6
8.1,0.83,0.24,2.1,0.084,5.1,12.9,,3.41,0.78,10.7,6.0
5.9,0.19,0.21,1.7,0.045,56.9,132.8,0.9892,3.29,0.43,9.5,4.8
10.3,0.27,0.24,2.1,0.072,15.0,33.3,0.9947,3.18,0.66,12.9,5.9
7.3,0.66,0.0,2.0,0.085,6.0,22.9,0.9883,3.62,0.94,9.9,6.7
6.3,0.65,0.06,1.6,0.05,5.9,17.9,0.9909,3.54,0.54,12.3,4.8
7.2,0.38,0.31,1.8,0.073,31.1,69.4,0.988,3.43,0.6,9.7,6.3
8.8,0.31,0.36,2.6,0.057,10.0,38.9,1.0047,3.38,0.7,11.7,5.0
8.2,0.34,0.36,1.9,0.058,43.3,74.1,0.9987,3.19,0.8,11.9,5.6
8.2,0.4,0.31,1.9,0.082,8.2,23.8,1.007,3.26,0.69,10.5,5.3
7.7,0.55,0.19,2.1,0.08,15.0,104.0,1.0076,3.4,0.54,9.5,5.1
6.6,0.57,0.02,2.1,0.117,6.0,16.0,0.9858,,0.69,9.5,5.4
8.2,0.26,0.42,2.0,0.08,11.0,27.1,1.0012,3.21,0.79,9.5,5.8
10.1,0.35,0.45,2.5,0.09,20.2,89.2,0.9995,3.17,0.43,9.3,4.9
7.1,0.6,0.3,4.5,0.068,19.7,110.0,0.9979,3.32,1.15,10.2,4.7
12.0,0.28,0.49,1.9,0.074,10.0,21.2,0.9901,2.94,0.66,9.8,7.5
8.1,0.64,0.1,2.1,0.073,24.7,59.6,1.0141,3.26,0.76,11.1,6.1
9.3,0.77,0.27,2.8,0.077,24.2,56.8,0.9904,3.33,0.66,10.6,5.1
7.9,0.42,0.32,2.9,0.079,28.6,58.5,0.9896,3.31,0.64,10.3,4.8
12.3,0.55,0.49,2.3,0.064,5.0,27.0,1.0235,3.07,0.87,10.9,4.8
11.8,0.37,0.51,2.0,0.119,7.0,19.9,0.9973,3.26,0.76,10.2,5.5
5.7,0.61,0.11,1.8,0.066,17.9,27.8,0.9908,3.56,0.67,11.1,6.2
8.6,0.64,0.25,2.0,0.081,8.0,28.3,0.9939,3.32,0.6,9.9,6.0
7.0,0.61,0.08,1.8,0.076,8.0,24.0,0.9811,,0.52,9.0,5.0
11.6,0.42,0.54,1.5,0.096,22.1,41.0,0.9918,2.94,0.77,10.1,6.4
7.6,0.52,0.11,1.5,0.079,10.9,39.4,0.9869,3.44,0.58,9.6,4.5
7.4,0.34,0.33,2.4,0.067,9.0,26.0,0.9715,3.32,0.6,11.7,6.3
7.1,0.5,0.14,1.8,0.079,10.0,23.0,1.0121,3.49,0.61,10.4,5.6
7.8,0.72,0.01,2.1,0.064,31.2,43.2,0.9932,3.36,0.57,11.7,6.0
7.9,0.73,0.08,2.4,0.091,9.9,40.3,0.9943,3.22,0.7,10.0,6.0
9.9,0.54,0.45,2.3,0.071,15.7,39.6,,3.43,0.62,9.5,4.9
5.5,0.49,0.03,1.8,0.044,28.0,87.2,0.9936,3.52,0.82,14.0,7.1
8.1,0.66,0.71,2.2,0.098,24.7,129.0,0.9784,3.14,0.54,8.9,5.9
7.2,0.73,0.05,4.7,0.087,4.0,11.2,0.996,3.43,0.39,10.9,4.3
7.0,0.48,0.2,1.9,0.082,9.0,23.1,0.9958,3.31,0.43,9.0,4.1
8.3,0.33,0.32,2.8,0.067,4.0,12.2,1.0129,3.28,0.75,13.0,6.4
10.3,0.67,0.39,1.9,0.054,6.0,17.2,0.9965,3.24,0.46,10.1,4.9
7.6,0.43,0.25,2.6,0.073,29.2,63.4,0.9958,3.34,0.58,10.6,6.7
8.9,0.49,0.21,2.3,0.089,20.9,38.5,0.9952,3.28,0.83,11.2,6.0
8.2,0.91,0.27,2.1,0.088,7.0,23.2,0.9991,3.29,0.47,10.0,3.8
6.1,0.32,0.25,2.3,0.072,22.7,58.9,1.009,3.45,0.96,10.6,4.5
15.5,0.65,0.49,4.2,0.095,9.9,23.0,0.9941,2.93,0.74,11.0,4.3
6.8,0.81,0.03,7.8,0.079,6.0,12.1,0.9892,3.47,0.5,12.2,4.5
6.7,0.49,0.21,2.3,0.071,13.0,24.0,0.9885,3.41,0.84,11.3,5.8
7.0,0.52,0.03,2.6,0.076,21.0,91.9,0.9918,,0.6,9.7,4.9
8.7,0.69,0.3,3.0,0.087,22.5,80.8,0.9975,3.45,0.74,11.7,5.9
7.1,0.31,0.3,2.2,0.053,36.1,127.9,0.9912,2.91,1.62,9.5,5.3
7.8,0.5,0.33,2.0,0.084,15.1,140.3,1.0017,3.22,0.55,9.7,4.9
7.6,0.51,0.24,2.4,0.09,8.1,37.8,,3.5,0.66,9.6,5.4
9.8,0.53,0.57,2.4,0.093,30.4,51.3,1.0161,3.17,0.76,11.7,5.4
7.0,0.75,0.03,2.3,0.054,7.0,15.9,0.9881,3.43,0.63,11.6,5.6
4.7,0.6,0.17,2.3,0.058,17.0,106.6,1.0007,3.86,0.6,13.0,5.7
10.1,0.35,0.38,1.5,0.058,30.8,46.9,0.9858,3.21,0.82,10.5,7.9
11.1,0.3,0.59,2.1,0.054,7.0,19.1,1.0072,3.22,0.89,10.5,6.7
7.3,0.34,0.23,2.0,0.072,29.6,52.3,0.9973,3.4,0.59,10.0,5.1
6.8,0.69,0.09,3.9,0.069,14.9,28.7,0.9954,3.41,0.52,11.1,3.8
8.5,0.72,0.2,2.4,0.076,10.1,38.0,0.9754,3.3,0.65,9.5,5.7
11.3,0.23,0.57,1.8,0.074,3.0,8.0,0.9965,3.19,0.7,10.0,6.9
11.1,0.4,0.51,2.0,0.099,18.7,49.6,0.9938,,0.58,10.4,5.9
6.4,0.51,0.13,2.3,0.075,28.9,40.5,1.0128,3.44,0.73,11.2,5.9
8.1,0.43,0.29,1.6,0.08,26.9,45.3,0.9987,3.25,0.53,10.3,4.5
7.9,0.28,0.44,1.8,0.081,28.1,68.7,0.9928,3.32,0.65,10.9,5.1
8.8,0.33,0.41,5.9,0.072,7.0,13.0,,,0.62,12.3,7.6
5.1,0.58,0.0,1.7,0.044,13.9,84.7,0.9853,,0.92,12.9,6.8
7.4,0.47,0.46,2.2,0.115,6.9,19.8,1.0207,,0.64,10.5,5.3
8.8,0.28,0.45,1.7,0.066,7.0,12.0,0.9728,3.24,0.55,12.3,7.2
8.9,0.46,0.23,2.8,0.091,28.1,103.5,1.0066,3.14,0.56,9.2,4.5
9.7,0.88,0.25,2.4,0.103,35.6,156.6,1.011,,0.66,11.3,5.0
11.9,0.26,0.52,1.8,0.072,6.1,10.0,0.9911,3.25,0.71,10.1,6.5
7.8,0.84,0.0,2.6,0.081,5.9,13.8,0.9958,3.36,0.53,9.3,6.2
7.7,1.0,0.15,2.1,0.102,11.1,31.5,1.011,3.23,0.48,10.1,5.7
8.7,0.49,0.3,2.0,0.11,18.9,131.8,1.0069,2.94,2.02,9.8,5.4
6.3,0.78,0.0,2.9,0.072,25.6,52.2,0.9911,3.53,0.61,11.5,6.6
6.6,0.66,0.0,3.0,0.114,20.9,31.4,0.9949,3.48,0.63,10.3,4.7
9.8,0.51,0.19,3.2,0.081,8.1,30.0,1.0004,,0.58,10.5,5.9
9.1,0.41,0.39,2.2,0.065,11.9,31.6,1.0122,,0.66,10.0,6.0
6.7,0.74,0.12,2.0,0.086,12.0,80.0,0.997,3.4,0.52,10.0,4.9
6.9,0.45,0.11,2.4,0.044,6.0,11.9,0.9794,3.31,0.64,11.5,6.4
7.4,0.41,0.3,2.1,0.083,35.5,72.4,,3.38,0.51,9.4,3.8
8.1,0.3,0.67,8.4,0.05,37.8,290.3,1.0051,3.0,0.51,12.5,7.8
6.9,0.55,0.04,2.9,0.077,7.1,26.8,1.0163,,0.92,9.3,5.9
6.7,0.63,0.31,6.0,0.083,7.0,48.8,,3.38,0.69,10.3,5.6
7.9,0.68,0.21,2.1,0.079,33.2,142.0,0.9864,3.26,0.52,10.0,5.5
9.2,0.39,0.4,2.6,0.073,10.1,26.2,0.9784,3.29,0.76,10.1,5.8
7.1,0.68,0.0,2.3,0.083,17.8,27.0,1.0132,3.48,0.55,9.5,5.0
9.4,0.31,0.35,2.3,0.079,10.8,31.2,1.0122,3.37,0.87,12.0,7.2
6.7,0.7,0.08,3.7,0.068,8.2,16.1,0.9878,3.44,0.52,12.8,4.5
10.4,0.31,0.49,2.2,0.063,18.0,39.8,0.9962,3.14,0.51,10.0,6.0
6.4,0.73,0.02,8.0,0.124,68.0,124.6,1.0082,3.41,0.53,9.9,4.5
7.4,0.58,0.03,4.1,0.08,26.6,45.9,0.9902,3.02,0.47,9.2,5.3
8.8,0.4,0.51,2.6,0.051,13.1,27.3,,3.34,0.91,13.2,7.6
9.2,0.28,0.46,9.1,0.114,3.0,9.0,1.0012,3.21,0.59,11.0,6.2
9.5,0.77,0.12,2.9,0.082,29.9,73.1,0.9948,3.29,0.63,10.4,6.5
7.1,0.71,0.0,2.3,0.071,21.3,46.7,0.9835,3.3,0.45,9.5,6.1
7.9,0.43,0.25,2.6,0.074,29.1,63.3,1.0025,3.35,0.59,10.6,5.7
8.0,0.35,0.33,2.4,0.075,10.8,47.2,0.9882,3.24,0.8,10.9,5.2
8.5,0.18,0.51,1.7,0.072,45.0,89.4,1.0062,,0.76,11.8,6.7
7.6,0.54,0.21,2.2,0.071,7.1,28.1,1.0043,3.29,0.54,9.9,4.6
7.1,0.65,0.0,3.9,0.086,17.0,44.7,1.0066,3.4,0.54,9.7,4.4
9.4,0.34,0.37,2.2,0.074,5.1,12.9,0.9936,3.23,0.62,9.3,5.2
9.6,0.73,0.1,2.1,0.08,6.0,30.6,1.0017,3.22,0.56,10.1,5.1
10.6,0.68,0.22,2.7,0.107,16.9,34.4,1.0092,3.32,0.99,10.0,5.6
